date_from,date_to,name,venue,country,category,discipline,calendar,class,email,website,logo
2022-10-21,2022-10-23,Vuelta a Formosa Femenina,,ARG,WE,Road,AME,2.2,ariel.grun@hubtravel.com.ar,,
2022-10-22,2022-10-22,Road Elite Caribbean Championships - ME ITT,,DOM,ME,Road,AME,1.2,fdom.ciclismo@gmail.com,,
2022-10-22,2022-10-22,Road Elite Caribbean Championships - WE-WU ITT,,DOM,WE,Road,AME,1.2,fdom.ciclismo@gmail.com,,
2022-10-23,2022-10-23,Women's Road National Championships of Afghanistan,,AFG,,Road,ASI,CN,,,
2022-10-23,2022-10-23,Road Elite Caribbean Championships - ME/MU IRR,,DOM,ME,Road,AME,1.2,fdom.ciclismo@gmail.com,,
2022-10-23,2022-10-23,Road Elite Caribbean Championships - WE/WU IRR,,DOM,WE,Road,AME,1.2,fdom.ciclismo@gmail.com,,
2022-10-23,2022-10-23,National Road Championships - Japan (WE),,JPN,,Road,ASI,CN,cycling@japan-sports.or.jp,,
2022-10-23,2022-11-01,Vuelta a Guatemala,,GUA,ME,Road,AME,2.2,fciclismo.guatemala@gmail.com,www.fedeciclismogua.org,
2022-10-30,2022-10-30,Tour de France Prudential Singapore Criterium,,SIN,ME,Road,ASI,CRTP,race@singaporecriterium.com,www.singaporecriterium.com,
2022-11-03,2022-11-03,Grand Prix Sakia El Hamra,,MAR,ME,Road,AFR,1.2,frmc56@gmail.com,,
2022-11-05,2022-11-05,Grand Prix Oued Eddahab,,MAR,ME,Road,AFR,1.2,frmc56@gmail.com,,
2022-11-06,2022-11-06,Grand Prix Al Massira,,MAR,ME,Road,AFR,1.2,frmc56@gmail.com,,
2022-11-06,2022-11-06,TOUR DE FRANCE SAITAMA CRITERIUM,,JPN,ME,Road,ASI,CRTP,cycle-jigyou@saitamasc.jp,https://saitama-criterium.jp/,
2022-11-08,2022-11-08,Le Trophée Princier,,MAR,ME,Road,AFR,1.2,frmc56@gmail.com,,
2022-11-10,2022-11-10,Le Trophée de l'Anniversaire,,MAR,ME,Road,AFR,1.2,frmc56@gmail.com,,
2022-11-11,2022-11-11,Le Trophée de la Maison Royale,,MAR,ME,Road,AFR,1.2,frmc56@gmail.com,,
2022-11-11,2022-11-12,National Road Championships - Zimbabwe,,ZIM,,Road,AFR,CN,secretarygeneral@cyclingzimbabwe.org,www.cyclingzimbabwe.org,
2022-11-12,2022-11-19,Vuelta Ciclistica al Ecuador,,ECU,ME,Road,AME,2.2,secretaria@fec.ec,,
2022-11-13,2022-11-13,Tour de Okinawa,,JPN,ME,Road,ASI,1.2,contact@tour-de-okinawa.jp,www.tour-de-okinawa.jp,
2022-11-23,2022-11-23,Road Junior Caribbean Championships - MJ ITT,,DOM,MJ,Road,AME,1.2,fdom.ciclismo@gmail.com,,
2022-11-23,2022-11-23,Road Junior Caribbean Championships - WJ ITT,,DOM,WJ,Road,AME,1.2,fdom.ciclismo@gmail.com,,
2022-11-24,2022-11-24,Road Junior Caribbean Championships - WJ IRR,,DOM,WJ,Road,AME,1.2,fdom.ciclismo@gmail.com,,
2022-11-24,2022-11-24,Road Junior Caribbean Championships - MJ IRR,,DOM,MJ,Road,AME,1.2,fdom.ciclismo@gmail.com,,
2022-11-27,2022-11-27,Beking,Monaco,MON,ME,Road,EUR,CRTP,claudia@teamcmt.com,https://www.bekingevents.com/,
2022-12-01,2022-12-05,CAC Nile Tour,,EGY,MJ,Road,AFR,2.1,egypt_cycling@hotmail.com,,
2022-12-16,2022-12-25,Vuelta Ciclista Internacional a Costa Rica,,CRC,ME,Road,AME,2.2,fecoci@fecoci.net,www.fecoci.net,
2022-12-22,2022-12-22,Arab Road Cycling Championships - RR - WE,,UAE,,Road,ASI,1.2,yasir.aldoukhi@sharjahsports.shj.ae,,
2022-12-22,2022-12-22,Arab Road Cycling Championships - RR - MJ,,UAE,,Road,ASI,1.2,yasir.aldoukhi@sharjahsports.shj.ae,,
2022-12-23,2022-12-23,Arab Road Cycling Championships - RR - ME,,UAE,,Road,ASI,1.2,arab.cyc.fed@gmail.com,arabcycling.com,
2022-12-23,2022-12-26,National Road Championships - China,,CHN,,Road,ASI,CN,admin@chncycling.com,http://cycling.sport.org.cn/,
2023-01-01,2023-01-03,Bay Crits,Geelong,AUS,ME,Road,OCE,CRTP,karin@ksjevents.com.au,http://baycrits.weebly.com/,
2023-01-01,2023-01-03,Bay Crits,Geelong,AUS,WE,Road,OCE,CRTP,karin@ksjevents.com.au,http://baycrits.weebly.com/,
2023-01-06,2023-01-08,Giro del Sol,,ARG,ME,Road,AME,2.2,r_virhuez@hotmail.com,,
2023-01-07,2023-01-10,National Road Championships - Australia,,AUS,,Road,OCE,CN,road@auscycling.org.au,www.roadnationals.org.au,
2023-01-07,2023-01-10,National Road Championships - India,,IND,,Road,ASI,CN,CYCLINGFEDERATIONOFINDIA@GMAIL.COM,WWW.CYCLINGFEDERATIONOFINDIA.ORG,
2023-01-11,2023-01-15,New Zealand Cycle Classic,,NZL,ME,Road,OCE,2.2,jorgesandovalnz@gmail.com,www.cycletournz.com,
2023-01-14,2023-01-14,Schwalbe Classic,Adelaide CBD,AUS,ME,Road,OCE,CRTP,tourdownunder2@sa.gov.au,tourdownunder.com.au,
2023-01-14,2023-01-14,Schwalbe Classic,Adelaide CBD,AUS,WE,Road,OCE,CRTP,tourdownunder2@sa.gov.au,tourdownunder.com.au,
2023-01-15,2023-01-17,Santos Tour Down Under,,AUS,WE,Road,MON,2.WWT,tourdownunder2@sa.gov.au,tourdownunder.com.au,
2023-01-15,2023-01-22,Vuelta al Táchira en Bicicleta,,VEN,ME,Road,AME,2.2,fvciclismove@gmail.com; atccontacto1@gmail.com,www.lavueltaaltachira.com,
2023-01-17,2023-01-22,Santos Tour Down Under,,AUS,ME,Road,UWT,2.UWT,Tourdownunder2@sa.gov.au,www.tourdownunder.com.au,
2023-01-21,2023-01-21,Gravel and Tar Classic,,NZL,ME,Road,OCE,1.2,steve@gravelandtar.com,www.gravelandtar.com,
2023-01-22,2023-01-22,Clàssica Comunitat Valenciana 1969 - Gran Premi València,,ESP,ME,Road,EUR,1.1,info@cclamarina.org,voltalamarina.com,
2023-01-22,2023-01-29,Vuelta a San Juan Internacional,,ARG,ME,Road,AME,2.Pro,vueltaasanjuan@gmail.com,www.vueltaasanjuan.org,
2023-01-23,2023-01-23,National Criterium Championships - New Zealand,Palmerston North,NZL,WE,Road,OCE,CRT,events@cyclingnewzealand.nz,,
2023-01-23,2023-01-23,National Criterium Championships - New Zealand,Palmerston North,NZL,ME,Road,OCE,CRT,events@cyclingnewzealand.nz,www.criteriumnationals.nz/,
2023-01-23,2023-01-29,La Tropicale Amissa Bongo,,GAB,ME,Road,AFR,2.1,laurentcrepel@yahoo.fr,www.tropicaleamissabongo.com,
2023-01-25,2023-01-25,Trofeo Calvia (Palmanova-Palmanova),,ESP,ME,Road,EUR,1.1,info@unisportconsulting.com,,
2023-01-26,2023-01-26,Trofeo Port D'Alcudia - Port D'Alcudia,,ESP,ME,Road,EUR,1.1,info@unisportconsulting.com,www.vueltamallorca.com,
2023-01-27,2023-01-27,Trofeo Andratx - Mirador des Colomer (Pollença),,ESP,ME,Road,EUR,1.1,info@unisportconsulting.com,www.vueltamallorca.com,
2023-01-27,2023-01-29,National Road Championships - Namibia,,NAM,,Road,AFR,CN,info@namcf.org,www.namcf.org,
2023-01-27,2023-01-29,National Road Championships - Thailand,,THA,,Road,ASI,CN,taca1959@yahoo.com,https://www.thaicycling.or.th/,
2023-01-27,2023-01-31,Tour of Sharjah,,UAE,ME,Road,ASI,2.2,sharjahtour@sharjahsports.shj.ae,www.sharjahtour.ae,
2023-01-28,2023-01-28,Trofeo Serra Tramuntana (Lloseta - Lloseta),,ESP,ME,Road,EUR,1.1,info@unisportconsulting.com,www.vueltamallorca.com,
2023-01-28,2023-01-28,National Road Championships - Lesotho,,LES,,Road,AFR,CN,makatilerammotang@yahoo.com,,
2023-01-28,2023-01-28,Grand Prix Aspendos,,TUR,ME,Road,EUR,1.2,info@cyclingracesinturkiye.com,www.cyclingracesinturkiye.com,
2023-01-28,2023-01-28,Cadel Evans Great Ocean Road Race - Elite Women's Race,,AUS,WE,Road,MON,1.WWT,admin@cadelevansgreatoceanroadrace.com.au,www.cadelevansgreatoceanroadrace.com.au,
2023-01-29,2023-01-29,Cadel Evans Great Ocean Road Race,,AUS,ME,Road,UWT,1.UWT,admin@cadelevansgreatoceanroadrace.com.au,www.cadelevansgreatoceanroadrace.com.au,
2023-01-29,2023-01-29,Trofeo Palma - Palma,,ESP,ME,Road,EUR,1.1,info@unisportconsulting.com,www.vueltamallorca.com,
2023-01-29,2023-01-29,Women Cycling Pro Costa De Almería,,ESP,WE,Road,EUR,1.1,info@totalsportmediterranean.com,www.totalsportmediterranean.com,
2023-01-29,2023-01-29,Grand Prix Cycliste de Marseille La Marseillaise,,FRA,ME,Road,EUR,1.1,pguille@lamarseillaise.fr,www.lamarseillaise.fr,
2023-01-30,2023-02-03,Saudi Tour,,KSA,ME,Road,ASI,2.1,pythouault@aso.fr,,
2023-02-01,2023-02-05,Etoile de Bessèges - Tour du Gard,,FRA,ME,Road,EUR,2.1,etoiledebesseges@orange.fr,www.etoiledebesseges.com,
2023-02-01,2023-02-05,Volta a la Comunitat Valenciana,,ESP,ME,Road,EUR,2.Pro,dir@vueltacv.com,www.vueltacv.com,
2023-02-01,2023-02-05,Vuelta del Porvenir San Luis,,ARG,ME,Road,AME,2.2,vueltadelporvenir@gmail.com,www.deportes.sanluis.gov.ar,
2023-02-01,2023-02-05,Tour du Sahel,,MTN,ME,Road,AFR,2.2,fncmauritanie@gmail.com,,
2023-02-02,2023-02-05,National Road Championships - Colombia,,COL,,Road,AME,CN,presidencia@federacioncolombianadeciclismo.com,www.federacioncolombianadeciclismo.com,
2023-02-04,2023-02-04,Grand Prix Apollon Temple,,TUR,ME,Road,EUR,1.2,info@cyclingracesinturkiye.com,www.cyclingracesinturkiye.com,
2023-02-04,2023-02-04,Aphrodite Cycling Race - ITT,,CYP,WE,Road,EUR,1.2,info@activatecyprus.com,www.activatecyprus.com,
2023-02-05,2023-02-05,Grand Prix Apollon Temple,,TUR,WE,Road,EUR,1.2,info@cyclingracesinturkiye.com,www.cyclingracesinturkiye.com,
2023-02-05,2023-02-05,Vuelta CV Feminas,,ESP,WE,Road,EUR,1.1,feminas@vueltacv.com,www.vueltacv.com,
2023-02-08,2023-02-08,Aphrodite Cycling Race - Women for future,,CYP,WE,Road,EUR,1.2,info@activatecyprus.com,www.activatecyprus.com,
2023-02-08,2023-02-13,CAC African Road Championships,Accra,GHA,,Road,AFR,CC,wagih_azzam@live.com,,
2023-02-09,2023-02-12,UAE Tour,,UAE,WE,Road,MON,2.WWT,f.damico@rcssportsandevents.com ; MAlRemeithi@adsc.gov.ae,,
2023-02-10,2023-02-10,Muscat Classic,,OMA,ME,Road,ASI,1.1,fperque@aso.fr,,
2023-02-10,2023-02-12,National Road Championships - New Zealand,,NZL,,Road,OCE,CN,events@cyclingnewzealand.nz,www.eliteroadnationals.nz/,
2023-02-10,2023-02-12,National Road Championships - South Africa,,RSA,,Road,AFR,CN,info@cyclingsa.com,www.cyclingsa.com,
2023-02-10,2023-02-12,National Road Championships - Ecuador,,ECU,,Road,AME,CN,secretaria@fec.ec,,
2023-02-10,2023-02-12,National Road Championships - Ecuador (ME),,ECU,,Road,AME,CN,presidencia@fec.ec,,
2023-02-11,2023-02-11,Aphrodite Cycling Race - RR,,CYP,WE,Road,EUR,1.2,info@activatecyprus.com,www.activatecyprus.com,
2023-02-11,2023-02-11,"Vuelta Ciclista a la Región de Murcia ""Costa Cálida""",,ESP,ME,Road,EUR,1.1,pacoguzman@vueltamurcia.es,www.vueltamurcia.es,
2023-02-11,2023-02-11,Clasica de Almeria,,ESP,WE,Road,EUR,1.1,clasicadealmeria@hotmail.com,www.clasicadealmeria.net,
2023-02-11,2023-02-12,National Road Championships - Uruguay,,URU,,Road,AME,CN,federacionciclistauruguaya@gmail.com,federacionciclista.com.uy,
2023-02-11,2023-02-15,Tour of Oman,,OMA,ME,Road,ASI,2.Pro,fperque@aso.fr,www.omancycling.om,
2023-02-12,2023-02-12,Clasica de Almeria,,ESP,ME,Road,EUR,1.Pro,clasicadealmeria@hotmail.com,www.clasicadealmeria.net,
2023-02-12,2023-02-12,Figueira Champions Classic,,POR,ME,Road,EUR,1.1,administracao@fullracing.pt,www.figueirachampionsclassic.com,
2023-02-13,2023-02-13,National Criterium Championships - South Africa (WE),"Oudtshoorn, Western Cape",RSA,ME,Road,AFR,CRT,secretarygeneral@cyclingsa.com,,
2023-02-13,2023-02-13,National Criterium Championships - South Africa ME,"Oudtshoorn, Western Cape",RSA,ME,Road,AFR,CRT,info@cyclingsa.com,www.cyclingsa.com,
2023-02-13,2023-02-13,Jaén Paraiso Interior,,ESP,ME,Road,EUR,1.1,mompa@laatsteronde.es,https://clasicajaen.com/,
2023-02-15,2023-02-19,Volta ao Algarve em Bicicleta,,POR,ME,Road,EUR,2.Pro,geral@fpciclismo.pt,www.voltaaoalgarve.com,
2023-02-15,2023-02-19,Vuelta a Andalucia Ruta Ciclista Del Sol,,ESP,ME,Road,EUR,2.Pro,joaquin@deporinter.es,www.vueltaandalucia.es,
2023-02-16,2023-02-19,Setmana Ciclista-Volta Comunitat Valenciana Fèmines,,ESP,WE,Road,EUR,2.Pro,ruben.donet@ccescapada.com,https://ccescapada.com/setmana-ciclista-valenciana,
2023-02-17,2023-02-18,National Road Championships - Egypt (WE/WU),,EGY,,Road,AFR,CN,egypt_cycling@hotmail.com,,
2023-02-17,2023-02-19,Tour des Alpes Maritimes et du Var,,FRA,ME,Road,EUR,2.1,tour0683@nicematin.fr,www.tour06-83.com,
2023-02-17,2023-02-19,National Road Championships - Pakistan,,PAK,,Road,ASI,CN,pakistan.cycling@pcf.com.pk,,
2023-02-19,2023-02-26,Tour du Rwanda,,RWA,ME,Road,AFR,2.1,contact@tourdurwanda.rw,www.tourdurwanda.rw,
2023-02-20,2023-02-26,UAE Tour,,UAE,ME,Road,UWT,2.UWT,luca.papini@rcs.it; f.damico@rcssportsandevents.com,www.theuaetour.com,
2023-02-23,2023-02-26,O Gran Camiño,,ESP,ME,Road,EUR,2.1,EME@EMESPORTS.ES,,
2023-02-25,2023-02-25,Omloop Het Nieuwsblad Elite,,BEL,ME,Road,UWT,1.UWT,nicolas.denys@flandersclassics.be,www.omloophetnieuwsblad.be,
2023-02-25,2023-02-25,Omloop Het Nieuwsblad,,BEL,WE,Road,MON,1.WWT,maja.leye@flandersclassics.be,www.omloophetnieuwsblad.be,
2023-02-25,2023-02-25,Faun-Ardèche Classic,,FRA,ME,Road,EUR,1.Pro,guillaume.delpech@bdao.info,www.boucles-drome-ardeche.fr,
2023-02-25,2023-03-05,National Road Championships - United Arab Emirates (WE),,UAE,,Road,ASI,CN,uaecyclingfederation@gmail.com,,
2023-02-25,2023-03-05,National Road Championships - United Arab Emirates,,UAE,,Road,ASI,CN,uaecyclingfederation@gmail.com,,
2023-02-26,2023-02-26,Faun Drome Classic,,FRA,ME,Road,EUR,1.Pro,guillaume.delpech@bdao.info,www.boucles-drome-ardeche.fr,
2023-02-26,2023-02-26,Craywinckelhof - Omloop van het Hageland,,BEL,WE,Road,EUR,1.1,info@omloophageland.be,www.cttilt.be,
2023-02-26,2023-02-26,Kuurne - Brussel - Kuurne Juniors,,BEL,MJ,Road,EUR,1.1,info@kuurne-brussel-kuurne.be,www.kuurne-brussel-kuurne.be,
2023-02-26,2023-02-26,Kuurne - Bruxelles - Kuurne,,BEL,ME,Road,EUR,1.Pro,info@kuurne-brussel-kuurne.be,www.kuurne-brussel-kuurne.be,
2023-02-28,2023-02-28,Le Samyn des Dames,,BEL,WE,Road,EUR,1.1,jeanlucvdb@skynet.be,WWW.LESAMYN.BE,
2023-02-28,2023-02-28,Le Samyn,,BEL,ME,Road,EUR,1.1,jeanlucvdb@skynet.be,www.lesamyn.be,
2023-03-01,2023-03-01,Trofeo Laigueglia,,ITA,ME,Road,EUR,1.Pro,segreteria@comune.laigueglia.sv.it,www.trofeolaigueglia.it,
2023-03-01,2023-03-01,Trofej Umag - Umag Trophy,,CRO,ME,Road,EUR,1.2,ivan.crnjaric@thorax.hr,,
2023-03-01,2023-03-01,Umag Trophy LADIES,,CRO,WE,Road,EUR,1.2,ivan.crnjaric@thorax.hr,,
2023-03-04,2023-03-04,Alanya CUP,,TUR,ME,Road,EUR,1.2,info@cyclingracesinturkiye.com,www.cyclingracesinturkiye.com,
2023-03-04,2023-03-04,Craft Ster van Zwolle,,NED,ME,Road,EUR,1.2,info@stervanzwolle.nl,www.stervanzwolle.nl,
2023-03-04,2023-03-04,Grand Prix Criquielion,,BEL,ME,Road,EUR,1.1,info@ententecyclisteacrenoise.be,www.ententecyclisteacrenoise.be,
2023-03-04,2023-03-04,Le Tour des 100 Communes,,FRA,ME,Road,EUR,1.2,rso.tour100communes@gmail.com,regionsportorgansation.fr,
2023-03-04,2023-03-04,Strade Bianche,,ITA,WE,Road,MON,1.WWT,giusy.virelli@rcs.it,www.strade-bianche.it,
2023-03-04,2023-03-04,Strade Bianche,,ITA,ME,Road,UWT,1.UWT,stefano.allocchio@rcs.it,www.strade-bianche.it,
2023-03-04,2023-03-05,Visit South Aegean Islands,,GRE,ME,Road,EUR,2.2,rhodescycling@gmail.com,www.rhodestour.gr,
2023-03-05,2023-03-05,Trofeo Oro in Euro - Women's Bike Race,,ITA,WE,Road,EUR,1.1,montignosociclismo@gmail.com,www.montignosociclismo.org,
2023-03-05,2023-03-05,Poreč Trophy LADIES,,CRO,WE,Road,EUR,1.2,ivan.crnjaric@thorax.hr,,
2023-03-05,2023-03-05,Trofej Poreč - Poreč Trophy,,CRO,ME,Road,EUR,1.2,ivan.crnjaric@thorax.hr,,
2023-03-05,2023-03-05,Grand Prix de la Ville de Lillers Souvenir Bruno Comini,,FRA,ME,Road,EUR,1.2,rso.gplillers@gmail.com,gp2lillers.fr,
2023-03-05,2023-03-05,Grote prijs Jean - Pierre Monseré,,BEL,ME,Road,EUR,1.1,info@gpmonsere.be,www.gpmonsere.be,
2023-03-05,2023-03-12,Paris-Nice,,FRA,ME,Road,UWT,2.UWT,tgouvenou@aso.fr,www.letour.fr,
2023-03-06,2023-03-12,Tirreno-Adriatico,,ITA,ME,Road,UWT,2.UWT,stefano.allocchio@rcs.it,www.tirrenoadriatico.it,
2023-03-07,2023-03-11,Trofeo Ponente in Rosa,,ITA,WE,Road,EUR,2.2,LOABIKERS.UCI@GMAIL.COM,www.loabikers.com,
2023-03-07,2023-03-16,Tour d'Algérie International de Cyclisme,,ALG,ME,Road,AFR,2.2,alg.cyc.fed@gmail.com,https://facyclisme.com,
2023-03-09,2023-03-12,Istarsko Proljeće - Istrian Spring Trophy,,CRO,ME,Road,EUR,2.2,ivan.crnjaric@thorax.hr,,
2023-03-10,2023-03-10,Drentse Acht van Westerveld,,NED,WE,Road,EUR,1.1,rondevandrenthe@home.nl,www.rondevandrenthe.nl,
2023-03-10,2023-03-12,Vuelta Extremadura Féminas,,ESP,WE,Road,EUR,2.2,federacion@ciclismoextremadura.es,www.ciclismoextremadura.es,
2023-03-11,2023-03-11,Danilith Nokere Koerse MJ,,BEL,MJ,Road,EUR,1.1,info@nokerekoerse.be,www.nokerekoerse.be,
2023-03-11,2023-03-11,Rhodes GP by Culture & Sports Organization,,GRE,ME,Road,EUR,1.2,rhodescycling@gmail.com,www.rhodestour.gr,
2023-03-11,2023-03-11,Miron Ronde van Drenthe,,NED,WE,Road,MON,1.WWT,rondevandrenthe@home.nl,www.rondevandrenthe.nl,
2023-03-12,2023-03-12,Albert Achterhes Profronde van Drenthe,,NED,ME,Road,EUR,1.1,rondevandrenthe@home.nl,www.rondevandrenthe.nl,
2023-03-12,2023-03-12,Dorpenomloop Rucphen,,NED,ME,Road,EUR,1.2,info@dorpenomlooprucphen.nl,www.dorpenomlooprucphen.nl,
2023-03-12,2023-03-16,Tour de Taiwan,,TPE,ME,Road,ASI,2.1,tourdetw@ms35.hinet.net,www.cycling.org.tw,
2023-03-15,2023-03-15,Milano - Torino,,ITA,ME,Road,EUR,1.Pro,luca.papini@rcs.it,www.milanotorino.it,
2023-03-15,2023-03-15,Danilith Nokere Koerse,,BEL,ME,Road,EUR,1.Pro,info@nokerekoerse.be,www.nokerekoerse.be,
2023-03-15,2023-03-15,Danilith Nokere Koerse,,BEL,WE,Road,EUR,1.Pro,info@nokerekoerse.be,www.nokerekoerse.be,
2023-03-16,2023-03-16,Grand Prix de Denain - Porte du Hainaut,,FRA,ME,Road,EUR,1.Pro,dominique.serrano@gpdenain.fr; contact@gpdenain.fr,www.gpdenain.fr,
2023-03-16,2023-03-19,International Tour of Rhodes,,GRE,ME,Road,EUR,2.2,rhodescycling@gmail.com,www.rhodestour.gr,
2023-03-17,2023-03-17,Grand Prix de la Ville d'Alger,,ALG,ME,Road,AFR,1.2,alg.cyc.fed@gmail.com,https://facyclisme.com,
2023-03-17,2023-03-17,Bredene Koksijde Classic,,BEL,ME,Road,EUR,1.Pro,info@bredenekoksijdeclassic.be,www.bredenekoksijdeclassic.be,
2023-03-17,2023-03-17,Youngster Coast Challenge,,BEL,MU,Road,EUR,1.2U,info@bredenekoksijdeclassic.be,www.bredenekoksijdeclassic.be,
2023-03-17,2023-03-19,Tour de Normandie Féminin,,FRA,WE,Road,EUR,2.1,aanquetil@tdncycliste.com,www.tourdenormandiecycliste.fr,
2023-03-18,2023-03-18,Classic Loire Atlantique,,FRA,ME,Road,EUR,1.1,classic.loire-atlantique@orange.fr; laclassic44@gmail.com,www.classic-loire-atlantique.fr,
2023-03-18,2023-03-18,Milano-Sanremo,,ITA,ME,Road,UWT,1.UWT,stefano.allocchio@rcs.it,www.milanosanremo.it,
2023-03-18,2023-03-19,Guido Reybrouck Classic,,BEL,MJ,Road,EUR,2.1,hubert.vannieuwkerke@gmail.com,www.guidoreybrouckclassic.be,
2023-03-19,2023-03-19,Cholet - Pays de la Loire,,FRA,ME,Road,EUR,1.1,choletpaysdelaloire@choletevenements.fr,www.choletpaysdelaloire.fr,
2023-03-19,2023-03-19,Per Sempre Alfredo,,ITA,ME,Road,EUR,1.1,gsemiliaciclismo@tin.it,,
2023-03-19,2023-03-19,GP Slovenian Istria,,SLO,ME,Road,EUR,1.2,kzs@kolesarska-zveza.si,www.kolesarska-zveza.si,
2023-03-19,2023-03-19,Bernaudeau Junior,,FRA,MJ,Road,EUR,1.1,frederic.gauvrit@outlook.com,https://labernaudeaujunior.jimdofree.com/,
2023-03-19,2023-03-19,Popolarissima,,ITA,ME,Road,EUR,1.2,uctrevigiani@libero.it,,
2023-03-19,2023-03-19,Piccolo Trofeo Alfredo Binda - Valli del Verbano,,ITA,WJ,Road,EUR,1.Ncup,mario.minervino@trofeobinda.com; mario.minervino@email.it,www.cyclingsportpromotion.com,
2023-03-19,2023-03-19,Classica da Arrabida - Cyclin'Portugal,,POR,ME,Road,EUR,1.2,geral@fpciclismo.pt,www.fpciclismo.pt,
2023-03-19,2023-03-19,Trofeo Alfredo Binda - Comune di Cittiglio,,ITA,WE,Road,MON,1.WWT,mario.minervino@email.it; mario.minervino@trofeobinda.com,www.cyclingsportpromotion.com,
2023-03-20,2023-03-26,Volta Ciclista a Catalunya,,ESP,ME,Road,UWT,2.UWT,volta@voltacatalunya.cat,www.voltacatalunya.cat,
2023-03-21,2023-03-25,Settimana Internazionale Coppi e Bartali,,ITA,ME,Road,EUR,2.1,gsemiliaciclismo@tin.it,www.gsemilia.it,
2023-03-22,2023-03-22,Classic Brugge-De Panne,,BEL,ME,Road,UWT,1.UWT,secretariaat@kvcps.be,www.bruggedepanneclassic.be,
2023-03-22,2023-03-26,Volta ao Alentejo,,POR,ME,Road,EUR,2.2,geral@podi1.com,www.podi1.com,
2023-03-22,2023-03-26,Olympia's Tour,,NED,ME,Road,EUR,2.2,thijs.rondhuis@courage-events.nl,www.olympiastour.com,
2023-03-23,2023-03-23,GP Goriska & Vipava Valley,,SLO,ME,Road,EUR,1.2,cycling@meblojogi.si,,
2023-03-23,2023-03-23,Classic Brugge-De Panne,,BEL,WE,Road,MON,1.WWT,secretariaat@kvcps.be,www.bruggedepanneclassic.be,
2023-03-24,2023-03-24,E3 Saxo Classic,,BEL,ME,Road,UWT,1.UWT,info@e3saxobankclassic.be,www.e3saxobankclassic.be,
2023-03-24,2023-03-26,National Road Championships - Chile,,CHI,,Road,AME,CN,SECRETARIA@FDNCICLISMOCHILE.CL,WWW.FDNCICLISMOCHILE.CL,
2023-03-25,2023-03-25,National Criterium Championships - Mali,,MLI,,Road,AFR,CRT,fedecyclisme@gmail.com,,
2023-03-25,2023-03-26,National Road Championships - Uruguay,,URU,,Road,AME,CN,federacionciclistauruguaya@gmail.com,,
2023-03-25,2023-03-26,Tour du Bocage et de l'Ernée 53,,FRA,MJ,Road,EUR,1.2,gerardcouge@orange.fr,tourbocageernee53.sportsregions.fr,
2023-03-26,2023-03-26,Gent-Wevelgem in Flanders Fields,,BEL,ME,Road,UWT,1.UWT,nicolas.denys@flandersclassics.be,www.gent-wevelgem.be,
2023-03-26,2023-03-26,Gent-Wevelgem In Flanders Fields,,BEL,WE,Road,MON,1.WWT,nicolas.denys@flandersclassics.be,www.gent-wevelgem.be,
2023-03-26,2023-03-26,Syedra Ancient City,,TUR,ME,Road,EUR,1.2,info@cyclingracesinturkiye.com,www.cyclingracesinturkiye.com,
2023-03-26,2023-03-26,GP Adria Mobil,,SLO,ME,Road,EUR,1.2,info@adriamobilcycling.com,,
2023-03-26,2023-03-26,GP Industria & Artigianato,,ITA,ME,Road,EUR,1.Pro,info@ciclismolarcianese.it,www.ciclismolarcianese.it,
2023-03-26,2023-03-26,La Roue Tourangelle Centre Val de Loire - Trophée Groupama Paris Val de Loire,,FRA,ME,Road,EUR,1.1,touraine-evenement-sport@orange.fr,www.larouetourangelle.com,
2023-03-26,2023-03-26,Gent-Wevelgem / Grote Prijs A. Noyelle-Ieper,,BEL,MJ,Road,EUR,1.1,bart.vannieuwenhuyze@telenet.be,www.kattekoers.be,
2023-03-26,2023-03-26,Gent-Wevelgem,,BEL,WJ,Road,EUR,1.1,wvancauwenberge@hotmail.com,www.gent-wevelgem.be,
2023-03-26,2023-03-26,Gent-Wevelgem / Kattekoers-Ieper,,BEL,MU,Road,EUR,1.2U,bart.vannieuwenhuyze@telenet.be,www.kattekoers.be,
2023-03-29,2023-03-29,DWARS DOOR VLAANDEREN / A TRAVERS LA FLANDRE,,BEL,WE,Road,EUR,1.Pro,info@dwarsdoorvlaanderen.be,www.dwarsdoorvlaanderen.be,
2023-03-29,2023-03-29,Dwars door Vlaanderen - A travers la Flandre,,BEL,ME,Road,UWT,1.UWT,info@ddvl.eu,www.ddvl.eu,
2023-03-29,2023-04-02,Vuelta BANTRAB,,GUA,ME,Road,AME,2.2,stuard.rodriguez.v@gmail.com,,
2023-03-30,2023-04-01,Oceania Road Championships,,AUS,,Road,OCE,CC,tourdebrisbane@nxsports.org,https://tourdebrisbane.org/,
2023-03-31,2023-03-31,La Route Adélie de VItré,,FRA,ME,Road,EUR,1.1,alain.ramir@orange.fr,www.routeadelievitre.fr,
2023-03-31,2023-04-02,Internationale Cottbuser Junioren-Etappenfahrt,,GER,MJ,Road,EUR,2.1,info@rsc-cottbus.de,www.rsc-cottbus.de,
2023-04-01,2023-04-01,Volta Limburg Classic,,NED,ME,Road,EUR,1.1,info@voltalimburgclassic.nl,www.voltalimburgclassic.nl,
2023-04-01,2023-04-01,Gran Premio Miguel Indurain,,ESP,ME,Road,EUR,1.Pro,secretaria@clubciclistaestella.es; info@clubciclistaestella.es,www.clubciclistaestella.es,
2023-04-01,2023-04-06,The Princess Maha Chakri Sirindhorns Cup Tour of Thailand,,THA,ME,Road,ASI,2.1,taca1959@yahoo.com,www.thaicycling.or.th,
2023-04-02,2023-04-02,Trofeo Piva,,ITA,MU,Road,EUR,1.2U,segreteria@accolsanmartino.it,www.accolsanmartino.it,
2023-04-02,2023-04-02,Ronde van Vlaanderen - Tour des Flandres,,BEL,ME,Road,UWT,1.UWT,nicolas.denys@flandersclassics.be,www.rondevanvlaanderen.be,
2023-04-02,2023-04-02,Ronde van Vlaanderen - Tour des Flandres,,BEL,WE,Road,MON,1.WWT,maja.leye@flandersclassics.be,www.rondevanvlaanderen.be,
2023-04-02,2023-04-02,34e Ronde van Oploo,Oploo,NED,WE,Road,EUR,CRTP,stichtingwielersportoploo@gmail.com,,
2023-04-03,2023-04-08,Itzulia Basque Country,,ESP,ME,Road,UWT,2.UWT,admon@oceta.eus,www.itzulia.eus,
2023-04-04,2023-04-07,Région Pays de la Loire Tour,,FRA,ME,Road,EUR,2.1,laurentbspdrouault@gmail.com; chesneaugr@orange.fr,En cours,
2023-04-05,2023-04-05,Scheldeprijs vrouwen elite,,BEL,WE,Road,EUR,1.1,INFO@SCHELDEPRIJS.BE,WWW.SCHELDEPRIJS.BE,
2023-04-05,2023-04-05,Scheldeprijs,,BEL,ME,Road,EUR,1.Pro,info@scheldeprijs.be,www.scheldeprijs.be,
2023-04-06,2023-04-09,Circuit des Ardennes,,FRA,ME,Road,EUR,2.2,circuitdesardennes@orange.fr,www.circuitdesardennes.fr,
2023-04-07,2023-04-10,Ster van Zuid Limburg,,BEL,MJ,Road,EUR,2.1,willy.vandooren@gmail.com,,
2023-04-08,2023-04-08,Giro di Primavera,,ITA,MJ,Road,EUR,1.1,sanvendemianocyclingteam@yahoo.com,www.sanvendemianocyclingteam.it,
2023-04-08,2023-04-08,Paris-Roubaix Femmes,,FRA,WE,Road,MON,1.WWT,tgouvenou@aso.fr,www.letour.fr,
2023-04-08,2023-04-10,"The Princess Maha Chakri Sirindhorns Cup ""Women's Tour of Thailand""",,THA,WE,Road,ASI,2.1,taca1959@yahoo.com,www.thaicycling.or.th,
2023-04-09,2023-04-09,Paris-Roubaix,,FRA,ME,Road,UWT,1.UWT,tgouvenou@aso.fr,www.letour.fr,
2023-04-09,2023-04-09,Paris - Roubaix Juniors,,FRA,MJ,Road,EUR,1.Ncup,veloclubroubaix@nordnet.fr,asso.nordnet.fr/veloclubroubaix/,
2023-04-10,2023-04-10,Giro del Belvedere,,ITA,MU,Road,EUR,1.2U,teams@probelvedere.it,www.girodelbelvedere.it,
2023-04-10,2023-04-10,Ronde de Mouscron,,BEL,WE,Road,EUR,1.1,jeanlucvdb@skynet.be,,
2023-04-11,2023-04-11,Paris - Camembert,,FRA,ME,Road,EUR,1.1,copc61@orange.fr,paris-camembert.ifrance.com,
2023-04-11,2023-04-11,G.P. Palio del Recioto - Trofeo C&F Resinatura Blocchi,,ITA,MU,Road,EUR,1.2U,teams@paliodelrecioto.com,www.paliodelrecioto.com,
2023-04-11,2023-04-14,Giro di Sicilia,,ITA,ME,Road,EUR,2.1,luca.papini@rcs.it ; natalino.ferrari@rcs.it,,
2023-04-12,2023-04-12,De Brabantse Pijl - La Flèche Brabançonne,,BEL,WE,Road,EUR,1.Pro,marc.vettori@rodesportief.be,www.debrabantsepijl.be/nl/dbp/elite-vrouwen,
2023-04-12,2023-04-12,De Brabantse Pijl - La Flèche Brabançonne,,BEL,ME,Road,EUR,1.Pro,marc.vettori@rodesportief.be,www.debrabantsepijl.be/nl/dbp/elite-mannen,
2023-04-12,2023-04-16,Tour du Loir et Cher,,FRA,ME,Road,EUR,2.2,tourduloiretcher@wanadoo.fr,www.tourduloiretcher.com,
2023-04-14,2023-04-14,Classic Grand Besançon Doubs,,FRA,ME,Road,EUR,1.1,classicgrandbesancon25@gmail.com,http://www.classicgrandbesancondoubs.com,
2023-04-14,2023-04-14,Elite Road Central American Championships - ME - ITT,,PAN,ME,Road,AME,1.2,info@fepaci.com.pa,https://fepaci.com.pa/,
2023-04-14,2023-04-14,Elite Road Central American Championships - MU - ITT,,PAN,MU,Road,AME,1.2U,info@fepaci.com.pa,https://fepaci.com.pa/,
2023-04-14,2023-04-14,Elite Road Central American Championships - WE - ITT,,PAN,WE,Road,AME,1.2,info@fepaci.com.pa,https://fepaci.com.pa/,
2023-04-14,2023-04-16,National Road Championships - Brazil (Juniors),,BRA,,Road,AME,CN,cbc@cbc.esp.br,www.cbc.esp.br,
2023-04-15,2023-04-15,Elite Road Central American Championships - MU - IRR,,PAN,MU,Road,AME,1.2U,info@fepaci.com.pa,https://fepaci.com.pa/,
2023-04-15,2023-04-15,Tour du Jura Cycliste,,FRA,ME,Road,EUR,1.1,laurent_monrolin@yahoo.fr,http://www.tourdujura.com/accueil-1-1.htm,
2023-04-15,2023-04-15,Liège-Bastogne-Liège,,BEL,MU,Road,EUR,1.2U,fernandlambertrlvb@hotmail.com,www.pesantliege2.be,
2023-04-15,2023-04-15,Arno Wallaard Memorial,,NED,ME,Road,EUR,1.2,info@arnowallaardmemorial.nl,www.arnowallaardmemorial.nl,
2023-04-15,2023-04-16,PENN AR BED - Pays d'Iroise,,FRA,MJ,Road,EUR,2.1,laurent.barbu29@gmail.com,www.copab-cyclisme.com,
2023-04-16,2023-04-16,Amstel Gold Race,,NED,ME,Road,UWT,1.UWT,info@amstelgoldrace.nl,www.amstelgoldrace.nl,
2023-04-16,2023-04-16,Amstel Gold Race Ladies Edition,,NED,WE,Road,MON,1.WWT,info@amstelgoldrace.nl,www.amstelgoldrace.com,
2023-04-16,2023-04-16,Giro della Città Metropolitana di Reggio Calabria,,ITA,ME,Road,EUR,1.1,protocollo@pec.cittametropolitana.rc.it,,
2023-04-16,2023-04-16,Tour du Doubs,,FRA,ME,Road,EUR,1.1,vcmorteaumontbenoit@orange.fr; fabienvarda@gmail.com,www.vcmm.fr,
2023-04-16,2023-04-16,Grand Prix Féminin de Chambéry,,FRA,WE,Road,EUR,1.1,organisation@chamberycyclisme.com,,
2023-04-16,2023-04-16,Tr. Città di S. Vendemiano - GP Industria & Commercio,,ITA,MU,Road,EUR,1.2U,veloclubsanvendemiano@yahoo.com - trofeocittadisanvendemiano@yahoo.com,www.veloclubsanvendemiano.it,
2023-04-16,2023-04-16,Elite Road Central American Championships - WE - IRR,,PAN,WE,Road,AME,1.2,info@fepaci.com.pa,https://fepaci.com.pa/,
2023-04-16,2023-04-16,Elite Road Central American Championships - ME - IRR,,PAN,ME,Road,AME,1.2,info@fepaci.com.pa,https://fepaci.com.pa/,
2023-04-17,2023-04-21,Tour of the Alps,,ITA,ME,Road,EUR,2.Pro,totahaus@gmail.com,www.tourofthealps.eu,
2023-04-18,2023-04-23,Road Continental Pan-Am Championships,,PAN,,Road,AME,CC,info@fepaci.com.pa,https://fepaci.com.pa/,
2023-04-19,2023-04-19,La Flèche Wallonne Féminine,,BEL,WE,Road,MON,1.WWT,fernandlambertrlvb@hotmail.com,http://www.letour.fr/la-fleche-wallonne-femme/,
2023-04-19,2023-04-19,La Flèche Wallonne,,BEL,ME,Road,UWT,1.UWT,tgouvenou@aso.fr,www.letour.fr,
2023-04-19,2023-04-22,Belgrade Banjaluka,,BIH,ME,Road,EUR,2.2,beogradbanjaluka@gmail.com,srpskacycling.com/belgrade-banjaluka/,
2023-04-20,2023-04-22,National Road Championships - Zimbabwe,,ZIM,,Road,AFR,CN,secretarygeneral@cyclingzimbabwe.org,www.cyclingzimbabwe.org,
2023-04-21,2023-04-22,Eroica Juniores - Nations' Cup,,ITA,MJ,Road,EUR,2.Ncup,f.bianchi@eroica.cc,,
2023-04-21,2023-04-23,"National Road Championships - Greece (U23, Juniors)",,GRE,,Road,EUR,CN,info@eop.cosmotemail.gr,https://hellenic-cycling.gr,
2023-04-21,2023-04-23,EPZ Omloop van Borsele,,NED,WJ,Road,EUR,2.Ncup,omloopvanborsele@kpnmail.nl,www.wielercomite-sheerenhoek.nl,
2023-04-22,2023-04-22,EPZ Omloop van Borsele,,NED,WE,Road,EUR,1.1,omloopvanborsele@kpnmail.nl,www.epzomloopvanborsele.nl,
2023-04-22,2023-04-23,Gipuzkoa Klasikoa,,ESP,MJ,Road,EUR,2.1,gtxe@gtxe.eus,www.gtxe.eus,
2023-04-23,2023-04-23,Rutland-Melton CiCLE Classic,,GBR,ME,Road,EUR,1.2,cicleclassics@gmail.com,www.cicleclassic.co.uk,
2023-04-23,2023-04-23,EPZ Omloop van Borsele,,NED,MJ,Road,EUR,1.1,omloopvanborsele@kpnmail.nl,www.wielercomite-sheerenhoek.nl,
2023-04-23,2023-04-23,Liège-Bastogne-Liège,,BEL,ME,Road,UWT,1.UWT,tgouvenou@aso.fr,www.letour.fr,
2023-04-23,2023-04-23,Liège-Bastogne-Liège Femmes,,BEL,WE,Road,MON,1.WWT,fernandlambertrlvb@hotmail.com,http://www.liege-bastogne-liege-femmes.com/,
2023-04-23,2023-04-23,Eroica Juniores - Coppa Andrea Meneghelli,,ITA,MJ,Road,EUR,1.1,f.bianchi@eroica.cc,,
2023-04-24,2023-04-24,Liberazione Juniores,,ITA,MJ,Road,EUR,1.1,JUNIORES@GPLIBERAZIONE.IT,www.gpliberazione.it,
2023-04-25,2023-04-25,GRAN PREMIO DELLA LIBERAZIONE,,ITA,WE,Road,EUR,1.2,teams@gpliberazione.it,www.gpliberazione.it,
2023-04-25,2023-04-25,Gran Premio della Liberazione,,ITA,MU,Road,EUR,1.2U,teams@gpliberazione.it,www.gpliberazione.it,
2023-04-25,2023-04-30,Tour de Romandie,,SUI,ME,Road,UWT,2.UWT,info@tourderomandie.ch,www.tourderomandie.ch,
2023-04-25,2023-05-01,Le Tour de Bretagne Cycliste,,FRA,ME,Road,EUR,2.2,cfossani@tourdebretagne.bzh,www.tourdebretagne.fr,
2023-04-26,2023-04-30,Tour of the Gila,,USA,WE,Road,AME,2.2,brennan5231@comcast.net,www.tourofthegila.com,
2023-04-26,2023-04-30,Tour of the Gila,,USA,ME,Road,AME,2.2,brennan5231@comcast.net,www.tourofthegila.com,
2023-04-27,2023-04-30,Gracia,,CZE,WE,Road,EUR,2.2,gracia.orlova@centrum.cz,www.graciaorlova.cz,
2023-04-28,2023-04-30,Vuelta Asturias Julio Alvarez Mendo,,ESP,ME,Road,EUR,2.1,asturias@lavueltaasturias.com,www.lavueltaasturias.com,
2023-04-28,2023-05-01,La Coupe du President de la Ville de Grudziądz,,POL,MJ,Road,EUR,2.1,biuro@alksstal.org,,
2023-04-29,2023-04-29,Leiedal Koerse,,BEL,WE,Road,EUR,1.2,info@leiedalkoerse.be,https://www.facebook.com/leiedalkoerse/,
2023-04-29,2023-04-29,E3 Saxo Classic,,BEL,MJ,Road,EUR,1.1,info@e3saxobankclassic.be,www.e3saxobankclassic.be,
2023-04-29,2023-04-29,4a reVolta,,ESP,WE,Road,EUR,1.1,volta@voltacatalunya.cat,https://www.voltacatalunya.cat/en/la-revolta,
2023-04-29,2023-04-30,Ceratizit Festival Elsy Jacobs,,LUX,WE,Road,EUR,2.Pro,info@elsy-jacobs.lu,www.elsy-jacobs.lu,
2023-04-29,2023-05-03,Carpathian Couriers Race in memory of Wacław Felczak,,POL,MU,Road,EUR,2.2U,office@carpathianrace.eu,www.carpathianrace.eu,
2023-04-30,2023-04-30,Grand Prix West Bohemia,,CZE,MJ,Road,EUR,1.1,kubias@rkca.cz,,
2023-04-30,2023-04-30,GP Vorarlberg p/b RadHaus Rankweil,,AUT,ME,Road,EUR,1.2,organisation@proevent-cycling.at,in process www.team-vorarlberg.at/gp-vorarlberg,
2023-05-01,2023-05-01,Eschborn-Frankfurt,,GER,ME,Road,UWT,1.UWT,office@gfr-cycling.de,www.eschborn-frankfurt.de/en/home/,
2023-05-01,2023-05-01,"National Road Championships - Belgium (U23, Juniors - ITT)",,BEL,,Road,EUR,CN,info@belgiancycling.be,,
2023-05-01,2023-05-01,Eschborn-Frankfurt,,GER,MU,Road,EUR,1.2U,u23@eschborn-frankfurt.de,https://www.eschborn-frankfurt.de/en/home/youthraces/u23-race,
2023-05-01,2023-05-01,Circuito del Porto - Trofeo Arvedi,,ITA,ME,Road,EUR,1.2,ccc1891@cccremonese1891.com,www.cccremonese1891.com,
2023-05-01,2023-05-07,Vuelta España Femenina,,ESP,WE,Road,MON,2.WWT,lavueltafemenina@unipublic.es,www.lavueltafemenina.es/es/,
2023-05-02,2023-05-06,ΔΕΗ INTERNATIONAL TOUR OF HELLAS,,GRE,ME,Road,EUR,2.1,cycling.tour.of.hellas@gmail.com,https://www.hellas-tour.gr/portal/en/,
2023-05-02,2023-05-06,Tour du Bénin,,BEN,ME,Road,AFR,2.2,federation229cyclisme@gmail.com,www.fbc.bj,
2023-05-04,2023-05-07,Tour de Catamarca Internacional,,ARG,ME,Road,AME,2.2,ariel.grun@hubtravel.com.ar,,
2023-05-04,2023-05-07,Course de la Paix Juniors,,CZE,MJ,Road,EUR,2.Ncup,svatopluk.henke@zmj.cz,http://zmj.cz,
2023-05-05,2023-05-05,La Classique Morbihan,,FRA,WE,Road,EUR,1.1,guy.seveno@gmail.com,www.gpmo.bzh,
2023-05-06,2023-05-06,Ronde van Overijssel,,NED,ME,Road,EUR,1.2,arnout@hurenkampba.nl,www.rondevanoverijssel.nl,
2023-05-06,2023-05-06,GP Eco-Struct/Thompson/Security Tools,,BEL,WE,Road,EUR,1.1,info@dewielkeszuigers.be,www.dewielkeszuigers.be,
2023-05-06,2023-05-06,Liège-Bastogne-Liège,,BEL,MJ,Road,EUR,1.1,fernandlambertrlvb@hotmail.com,www.pesantliege2.be,
2023-05-06,2023-05-06,Grand Prix du Morbihan,,FRA,ME,Road,EUR,1.Pro,guy.seveno@gmail.com,ww.gpmo.bzh,
2023-05-06,2023-05-06,Sundvolden GP,,NOR,ME,Road,EUR,1.2,ael@basm.no,www.rgp.no,
2023-05-06,2023-05-06,Grand Prix du Morbihan Femmes,,FRA,WE,Road,EUR,1.1,guy.seveno@gmail.com,www.gpmo.bzh,
2023-05-06,2023-05-07,Tour du Gévaudan Occitanie femmes,,FRA,WJ,Road,EUR,2.Ncup,tourdugevaudan@gmail.com,,
2023-05-06,2023-05-28,Giro d'Italia,,ITA,ME,Road,UWT,2.UWT,stefano.allocchio@rcs.it,www.giroditalia.it,
2023-05-07,2023-05-07,Ringerike GP,,NOR,ME,Road,EUR,1.2,ael@basm.no,www.rgp.no,
2023-05-07,2023-05-07,Grand Prix Bob Jungels,,LUX,MJ,Road,EUR,1.1,info@ucdippach.lu,www.ucdippach.lu/grand-prix-bob-jungels,
2023-05-07,2023-05-07,Paris-Roubaix Espoirs,,FRA,MU,Road,EUR,1.2U,veloclubroubaix@orange.fr,www.veloclubroubaix.fr,
2023-05-07,2023-05-07,Tro-Bro Léon,,FRA,ME,Road,EUR,1.Pro,jeanpaul.mellouet@orange.fr,www.trobroleon.com,
2023-05-07,2023-05-07,Trofee Maarten Wynants,,BEL,WE,Road,EUR,1.1,tim_wijnants@msn.com,www.prochallengehelchteren.be,
2023-05-07,2023-05-07,Flèche Ardennaise,,BEL,ME,Road,EUR,1.2,r_col@hotmail.com,www.fleche-ardennaise.be,
2023-05-07,2023-05-14,National Road Championships - El Salvador,,ESA,,Road,AME,CN,fsdeciclismo@gmail.com,www.fsc.org.sv,
2023-05-09,2023-05-13,Bretagne Ladies Tour CERATIZIT,,FRA,WE,Road,EUR,2.1,team@tbfo.bzh,www.tbfo.bzh,
2023-05-10,2023-05-10,The Tour OQTOSH - CHORVOQ - MOUNTAIN I,,UZB,ME,Road,ASI,1.2,info@cycling.uz,www.velosport.uz,
2023-05-10,2023-05-10,The Tour OQTOSH - CHORVOQ - MOUNTAIN Ladies I,,UZB,WE,Road,ASI,1.2,info@cycling.uz,www.velosport.uz,
2023-05-10,2023-05-10,Navarra Women's Elite classic,,ESP,WE,Road,EUR,1.Pro,miguel@vueltanavarra.com,,
2023-05-10,2023-05-14,Tour de Hongrie,,HUN,ME,Road,EUR,2.Pro,info@tdh.hu,www.tdh.hu,
2023-05-11,2023-05-11,The Tour OQTOSH - CHORVOQ - MOUNTAIN II,,UZB,ME,Road,ASI,1.2,uzbcycling@mail.ru,https://velosport.uz/,
2023-05-11,2023-05-11,The Tour OQTOSH - CHORVOQ - MOUNTAIN II Ladies,,UZB,WE,Road,ASI,1.2,uzbcycling@mail.ru,https://velosport.uz/,
2023-05-11,2023-05-14,Vuelta a Formosa Internacional,,ARG,ME,Road,AME,2.2,vueltaaformosa@gmail.com,,
2023-05-12,2023-05-13,South East Asian Games,,CAM,,Road,ASI,JR,cambodiacyclingfederation@gmail.com,,
2023-05-12,2023-05-14,Itzulia Women,,ESP,WE,Road,MON,2.WWT,admon@oceta.eus,itzulia-women.eus/en/itzulia/,
2023-05-12,2023-05-14,National Road Championships - Bolivia,,BOL,,Road,AME,CN,javierciclismo@hotmail.com,,
2023-05-13,2023-05-13,Tour of Bostonliq I,,UZB,ME,Road,ASI,1.2,info@cycling.uz,www.velosport.uz,
2023-05-13,2023-05-13,Tour of Bostonliq I Ladies,,UZB,WE,Road,ASI,1.2,info@cycling.uz,www.velosport.uz,
2023-05-13,2023-05-13,Grand Prix Herning,,DEN,ME,Road,EUR,1.2,bekfh@herning.dk,www.gpherning.dk,
2023-05-13,2023-05-13,Tour du Finistère,,FRA,ME,Road,EUR,1.1,tourdufinisterecycliste@gmail.com,www.tourdufinistere.fr,
2023-05-13,2023-05-14,Tour de Gironde International,,FRA,MJ,Road,EUR,2.1,usv-c1@orange.fr,www.tgironde.com,
2023-05-13,2023-05-14,National Road Championships - Cyprus,,CYP,,Road,EUR,CN,ccf@cytanet.com.cy,www.cypruscycling.org,
2023-05-14,2023-05-14,Tour of Bostonliq II,,UZB,ME,Road,ASI,1.2,info@cycling.uz,www.velosport.uz,
2023-05-14,2023-05-14,Tour of Bostonliq II Ladies,,UZB,WE,Road,ASI,1.2,info@cycling.uz,www.velosport.uz,
2023-05-14,2023-05-14,Boucles de l'Aulne - Châteaulin,,FRA,ME,Road,EUR,1.1,alain.legouill@yahoo.fr,www.bouclesdelaulne.com,
2023-05-14,2023-05-14,Fyn Rundt - Tour of Funen,,DEN,ME,Road,EUR,1.2,clausr@stofanet.dk,FYENRUNDT.COM,
2023-05-14,2023-05-14,Gran Premio Industrie del Marmo,,ITA,MU,Road,EUR,1.2U,ciclobruno@hotmail.com,http://gpm1mc.wordpress.com/,
2023-05-16,2023-05-16,Durango - Durango Emakumeen Saria,,ESP,WE,Road,EUR,1.1,info@duranguesa.com ; durangodurango@duranguesa.com,www.duranguesa.com,
2023-05-16,2023-05-21,4 Jours de Dunkerque / Grand Prix des Hauts de France,,FRA,ME,Road,EUR,2.Pro,quatrejoursdk@orange.fr; bmartel59@orange.fr,www.4joursdedunkerque.com,
2023-05-17,2023-05-20,Tour of Marand - Aras,,IRI,MJ,Road,ASI,2.1,ircyclingfed@gmail.com,http://www.cfi.ir,
2023-05-17,2023-05-20,Tour of Sakarya,,TUR,ME,Road,EUR,2.2,info@bisiklet.gov.tr,www.bisiklet.gov.tr,
2023-05-17,2023-05-21,Flèche du Sud,,LUX,ME,Road,EUR,2.2,vuesch@pt.lu,www.fleche-du-sud.lu,
2023-05-18,2023-05-18,Circuit de Wallonie,,BEL,ME,Road,EUR,1.1,francesco.lapaglia66@gmail.com,www.lecircuitdewallonie.be,
2023-05-18,2023-05-21,Walmart Joe Martin Stage Race,,USA,ME,Road,AME,2.2,bruce@allsportsproductionsinc.com,www.joemartinstagerace.com,
2023-05-18,2023-05-21,Walmart Joe Martin Stage Race,,USA,WE,Road,AME,2.2,bruce@allsportsproductionsinc.com,www.joemartinstagerace.com,
2023-05-18,2023-05-21,Vuelta a Burgos Feminas,,ESP,WE,Road,MON,2.WWT,vueltaburgos@diputaciondeburgos.es,www.vueltaburgos.com/feminas,
2023-05-19,2023-05-19,Veenendaal - Veenendaal Classic,,NED,WE,Road,EUR,1.1,hannekebouwmans@gmail.com,www.veenendaalveenendaal.nl,
2023-05-19,2023-05-21,SPIE Internationale Juniorendriedaagse,,NED,MJ,Road,EUR,2.1,info@juniorendriedaagse.nl,www.juniorendriedaagse.nl,
2023-05-20,2023-05-20,Veenendaal-Veenendaal Classic,,NED,ME,Road,EUR,1.1,hannekebouwmans@gmail.com,www.veenendaalveenendaal.nl,
2023-05-20,2023-05-20,ZLM Omloop der Kempen Ladies,,NED,WE,Road,EUR,1.2,cedric@omloopderkempen.nl,www.omloopderkempen.nl,
2023-05-20,2023-05-21,Trophée Centre Morbihan,,FRA,MJ,Road,EUR,2.Ncup,tropheecentremorbihan@orange.fr,www.tropheecentremorbihan.fr,
2023-05-21,2023-05-21,GP Gorenjska,,SLO,ME,Road,EUR,1.2,kzs@kolesarska-zveza.si,,
2023-05-21,2023-05-21,Rund um Köln,,GER,ME,Road,EUR,1.1,info@rundumkoeln.de,www.rundumkoeln.de,
2023-05-21,2023-05-21,Intenational Criterium in Sakai,,JPN,ME,Road,ASI,CRTP,info@toj-sakai.co.jp,,
2023-05-21,2023-05-21,Antwerp Port Epic Ladies,,BEL,WE,Road,EUR,1.1,secretariaat@karakterkoersen.be; koersgpsg@gmail.com,www.karakterkoersen.be,
2023-05-21,2023-05-21,Antwerp Port Epic / Sels Trophy,,BEL,ME,Road,EUR,1.1,secretariaat@karakterkoersen.be,www.karakterkoersen.be,
2023-05-21,2023-05-21,Ronde van Vlaanderen,,BEL,MJ,Road,EUR,1.1,brecht.toelen@flandersclassics.be ; bernard.duwyn@skynet.be,www.rondevanvlaanderen.be,
2023-05-21,2023-05-21,Ronde van Vlaanderen,,BEL,WJ,Road,EUR,1.1,brecht.toelen@flandersclassics.be ; bernard.duwyn@skynet.be,www.rondevanvlaanderen.be,
2023-05-21,2023-05-21,National Road Championships - Nigeria,,NGR,,Road,AFR,CN,gmassari@danelec-ltd.com; president@cfn.ng,www.cfn.ng,
2023-05-21,2023-05-28,Tour of Japan,,JPN,ME,Road,ASI,2.1,toj.team@gmail.com,www.toj.co.jp/,
2023-05-22,2023-05-26,Tour of Albania,,ALB,ME,Road,EUR,2.2,"info@albcycling.al, alfred.tahiraj@gmail.com",,
2023-05-23,2023-05-28,Internationale LOTTO Thüringen Ladies Tour,,GER,WE,Road,EUR,2.Pro,info@lottothueringen-ladies-tour.de,www.lottothueringen-ladies-tour.de,
2023-05-24,2023-05-28,Alpes Isère Tour,,FRA,ME,Road,EUR,2.2,m.baup@cotni.fr,www.alpesiseretour.com,
2023-05-24,2023-05-28,Orlen Nations Grand Prix,,POL,MU,Road,EUR,2.Ncup,SEKRETARIAT@LANGTEAM.COM.PL,www.orlennationsgrandprix.com,
2023-05-25,2023-05-28,Tour de Feminin,,CZE,WE,Road,EUR,2.2,info@tourdefeminin.com,www.tourdefeminin.com,
2023-05-25,2023-05-28,Boucles de la Mayenne - Crédit Mutuel,,FRA,ME,Road,EUR,2.Pro,pguesne@atmp53.fr,www.bouclesdelamayenne.fr,
2023-05-26,2023-05-26,Grand Prix du Prince Héritier Moulay El Hassan,,MAR,ME,Road,AFR,1.2,frmc56@gmail.com,www.frmcyclisme.ma,
2023-05-26,2023-05-27,Tour of Estonia,,EST,ME,Road,EUR,2.1,tartumaraton@tartumaraton.ee,www.tourofestonia.ee,
2023-05-26,2023-05-28,Tour de la Mirabelle,,FRA,ME,Road,EUR,2.2,lgoglione@yahoo.com,www.tour-de-la-mirabelle.com,
2023-05-26,2023-05-28,RideLondon Classique,,GBR,WE,Road,MON,2.WWT,womens.classique@londonmarathonevents.co.uk,www.ridelondon.co.uk,
2023-05-26,2023-05-28,National Road Championships - Panama,,PAN,,Road,AME,CN,info@fepaci.com.pa,https://fepaci.com.pa/,
2023-05-26,2023-05-28,National Road Championships - Panama (ME),,PAN,,Road,AME,CN,info@fepaci.com.pa,,
2023-05-26,2023-05-28,Grande Prémio Beiras e Serra da Estrela,,POR,ME,Road,EUR,2.2,amcb@amcb.pt,,
2023-05-26,2023-05-29,Tour of Norway,,NOR,ME,Road,EUR,2.Pro,roy@tourofnorway.no,www.tourofnorway.no,
2023-05-27,2023-05-27,Ladies Tour of Estonia,,EST,WE,Road,EUR,1.2,tartumaraton@tartumaraton.ee,www.tourofestonia.ee,
2023-05-27,2023-05-27,Van Merksteijn Fences Classic,,BEL,ME,Road,EUR,1.1,dannybonte@telenet.be,www.gpmarcelkint.be,
2023-05-27,2023-05-27,Due Giorni Marchigiana - G.P. Santa Rita,,ITA,ME,Road,EUR,1.2,cristina@cantarini-mec.it,,
2023-05-27,2023-05-27,Grand Prix du Trône,,MAR,ME,Road,AFR,1.2,frmc56@gmail.com,www.frmcyclisme.ma,
2023-05-27,2023-05-28,National Road Championships - Serbia (MU/WU),,SRB,,Road,EUR,CN,office@bss.rs; radomirpavlovicpatak@gmail.com,,
2023-05-28,2023-05-28,Due Giorni Marchigiana - Trofeo Città di Castelfidardo,,ITA,ME,Road,EUR,1.2,cristina@cantarini-mec.it,,
2023-05-28,2023-05-28,National Road Championships - Belgium (Junior - IRR),,BEL,,Road,EUR,CN,info@belgiancycling.be,,
2023-05-28,2023-05-28,Gran Premio Ciudad de Eibar,,ESP,WE,Road,EUR,1.1,clubciclistaeibarres@gmail.com,www.clubciclistaeibarres.org,
2023-05-28,2023-05-28,Grand Prix de la Famille Royale,,MAR,ME,Road,AFR,1.2,frmc56@gmail.com,www.frmcyclisme.ma,
2023-05-29,2023-05-29,Ronde van Limburg,,BEL,ME,Road,EUR,1.1,nicolas.denys@flandersclassics.be; maja.leye@flandersclassics.be,www.rondevanlimburg.be,
2023-05-29,2023-05-29,GP MAZDA SCHELKENS,,BEL,WE,Road,EUR,1.2,peter.van.hoof@telenet.be,,
2023-05-29,2023-05-29,Paris - Troyes,,FRA,ME,Road,EUR,1.2,florian.morizot@paris-troyes.com,www.paris-troyes.fr,
2023-05-29,2023-05-29,CYCLING STARS CRITERIUM – Conegliano,,ITA,ME,Road,EUR,CRTP,ORANGE.CARMIGNANO@GMAIL.COM,WWW.VENETOCYCLINGPROMOTION.IT,
2023-05-30,2023-05-30,WE LIKE BIKE CRITERIUM - SAN DANIELE DEL FRIULI,,ITA,ME,Road,EUR,CRTP,ORANGE.CARMIGNANO@GMAIL.COM,WWW.VENETOCYCLINGPROMOTION.IT,
2023-05-30,2023-05-30,Mercan'Tour Classic Alpes-Maritimes,,FRA,ME,Road,EUR,1.1,clubalpesazur@gmail.com,https://mercantourclassic.com/,
2023-05-31,2023-06-04,Vuelta Ciclista Andalucia Ruta Del Sol,,ESP,WE,Road,EUR,2.1,joaquin@deporinter.es,www.vueltaandaluciawomen.es,
2023-06-01,2023-06-04,Tour of Malopolska,,POL,ME,Road,EUR,2.2,marek.kosicki@mzkol.pl,WWW.TOUROFMALOPOLSKA.EU,
2023-06-01,2023-06-04,Oberösterreich Rundfahrt,,AUT,ME,Road,EUR,2.2,office@ooe-radsportverband.at,www.ooe-radsportverband.at,
2023-06-01,2023-06-04,Ronde de l'Oise,,FRA,ME,Road,EUR,2.2,michel_birck@live.fr,www.ronde-de-oise.fr,
2023-06-02,2023-06-02,TrofeoAlcide Degasperi,,ITA,ME,Road,EUR,1.2,usauroratrento@gmail.com,www.usaurora.altervista.org,
2023-06-02,2023-06-02,Giro dell'Appennino,,ITA,ME,Road,EUR,1.1,segreteria@uspontedecimo.it,www.uspontedecimo.it,
2023-06-02,2023-06-02,RSM-Wealer Ronde,Maastricht,NED,ME,Road,EUR,CRTP,secr@profrondemaastricht.nl,www.rsmwealerronde.nl,
2023-06-02,2023-06-02,RSM-Wealer Ronde,Maastricht,NED,WE,Road,EUR,CRTP,secr@profrondemaastricht.nl,www.rsmwealerronde.nl,
2023-06-02,2023-06-02,Kozagawa-City International Road Race,,JPN,ME,Road,ASI,1.2,tourde-k@rifnet.or.jp,,
2023-06-03,2023-06-03,National Road Championships - Denmark (Junior ITT),,DEN,,Road,EUR,CN,jk@cyklingdanmark.dk,,
2023-06-03,2023-06-03,National Road Championships - Honduras - ITT,,HON,,Road,AME,CN,freddydiaz@probikeshn.com,N/A,
2023-06-03,2023-06-03,La Classique des Alpes Juniors,,FRA,MJ,Road,EUR,1.1,christelle.reille@orange.fr,www.classique-des-alpes.com,
2023-06-03,2023-06-03,Heylen Vastgoed Heistse Pijl,,BEL,ME,Road,EUR,1.1,jef@isea.be,www.Heistsepijl.be,
2023-06-03,2023-06-04,Belgrade GP Woman Tour,,SRB,WE,Road,EUR,2.2,cyclingfederationbelgrade@gmail.com,www.bsbgd.rs,
2023-06-03,2023-06-04,Tour de Kumano,,JPN,ME,Road,ASI,2.2,tourde-k@rifnet.or.jp,www.nspk.net/,
2023-06-03,2023-06-04,National Road Championships - Trinidad and Tobago,,TTO,,Road,AME,CN,ttcyclingfederationtto@gmail.com,,
2023-06-03,2023-06-11,Tour du Cameroun,,CMR,ME,Road,AFR,2.2,fecacyclisme2013@yahoo.fr,,
2023-06-04,2023-06-04,Memorial Philippe Van Coningsloo,,BEL,ME,Road,EUR,1.2,wuytskris@telenet.be,www.memorial-vanconingsloo.be,
2023-06-04,2023-06-04,Dwars door de Westhoek,,BEL,WE,Road,EUR,1.1,wvancauwenberge@hotmail.com,www.dwarsdoordewesthoek.be,
2023-06-04,2023-06-04,Brussels Cycling Classic,,BEL,ME,Road,EUR,1.Pro,nicolas.denys@flandersclassics.be,www.brusselscyclingclassic.be,
2023-06-04,2023-06-04,Alpes Gresivaudan Classic,,FRA,WE,Road,EUR,1.1,m.baup@cotni.fr,www.alpes-gresivaudan-classic.com,
2023-06-04,2023-06-04,Coppa della Pace - Trofeo F.lli Anelli,,ITA,MU,Road,EUR,1.2U,pedaleriminese@libero.it,www.pedaleriminese.it,
2023-06-04,2023-06-11,Critérium du Dauphiné,,FRA,ME,Road,UWT,2.UWT,tgouvenou@aso.fr,www.letour.fr,
2023-06-06,2023-06-09,Škoda Tour de Maurice,,MRI,ME,Road,AFR,2.2,amcyclisme@intnet.mu; fmcyclismemyt.mu,,
2023-06-07,2023-06-11,Vuelta Ciclistica Internacional Femenina a Guatemala,,GUA,WE,Road,AME,2.2,fciclismo.guatemala@gmail.com,www.ciclismogua.org,
2023-06-07,2023-06-11,ZLM Tour,,NED,ME,Road,EUR,2.Pro,profcycling@libema.nl,www.zlmtour.nl,
2023-06-07,2023-06-11,Aziz Shusha,,AZE,ME,Road,EUR,2.2,info@cycling.az,,
2023-06-07,2023-06-13,Asian Road Cycling Championships,,THA,,Road,ASI,CC,taca1959@yahoo.com,https://www.thaicycling.or.th/,
2023-06-08,2023-06-11,LVM Saarland Trofeo,,GER,MJ,Road,EUR,2.Ncup,info@trofeo.online,www.trofeo.online,
2023-06-08,2023-06-11,Course de la Paix Grand Prix Jeseníky,,CZE,MU,Road,EUR,2.Ncup,racemanager@czechtour.com; president@czechtour.com,www.zavodmiru.com,
2023-06-09,2023-06-09,Grosser Preis des Kantons Aargau,,SUI,ME,Road,EUR,1.1,office@gippingen.ch,www.gippingen.ch,
2023-06-09,2023-06-11,CIC-Tour Féminin International des Pyrénées,,FRA,WE,Road,EUR,2.1,elisabeth.cb@orange.fr; marionclignet@gmail.com,http://afcc-officiel.fr/,
2023-06-09,2023-06-11,Tour d'Eure-et-Loir,,FRA,ME,Road,EUR,2.2,claude.deschaseaux9@orange.fr,www.tour-eure-et-loir-cycliste.com,
2023-06-10,2023-06-10,Elmos Dwars door het Hageland,,BEL,WE,Road,EUR,1.1,nick.nuyens@procyclingevents.be,http://www.exterioocyclingcup.be/races/dwars-door-het-hageland-2019/,
2023-06-10,2023-06-10,Duracell Dwars door het Hageland,,BEL,ME,Road,EUR,1.Pro,nick.nuyens@procyclingevents.be,http://www.exterioocyclingcup.be/races/dwars-door-het-hageland-2019/,
2023-06-10,2023-06-11,Kırıkkale Road Race,,TUR,ME,Road,EUR,2.2,info@bisiklet.gov.tr,www.bisiklet.gov.tr,
2023-06-10,2023-06-11,Kırıkkale Road Race,,TUR,MJ,Road,EUR,2.1,info@bisiklet.gov.tr,www.bisiklet.gov.tr,
2023-06-11,2023-06-11,Courts Mamouth Classique de l'ìle Maurice,,MRI,ME,Road,AFR,1.2,amcyclisme@intnet.mu; fmcyclisme@myt.mu,,
2023-06-11,2023-06-11,Elfstedenronde Brugge,,BEL,ME,Road,EUR,1.1,christophe.impens@golazo.com; jan.nys@golazo.com; jan.baele@golazo.com,www.elfstedenronde.be,
2023-06-11,2023-06-11,SPAR Flanders Diamond Tour,,BEL,WE,Road,EUR,1.1,info@flandersdiamondtour.be,www.flandersdiamondtour.be,
2023-06-11,2023-06-18,National Road Championships - Nicaragua,,NCA,,Road,AME,CN,fnc.nicaragua@gmail.com,,
2023-06-11,2023-06-18,Giro Next Gen (Giro d'Italia Internazionale Under 23),,ITA,MU,Road,EUR,2.2U,luca.papini@rcs.it,,
2023-06-11,2023-06-18,Tour de Suisse,,SUI,ME,Road,UWT,2.UWT,info@tds.ch,www.tds.ch,https://upload.wikimedia.org/wikipedia/en/thumb/4/43/Tour_de_Suisse_logo.svg/1200px-Tour_de_Suisse_logo.svg.png
2023-06-13,2023-06-13,CIC - Mont Ventoux,,FRA,ME,Road,EUR,1.Pro,info@denivelechallenges.com,,
2023-06-13,2023-06-18,National Road Championships - Ukraine,,UKR,,Road,EUR,CN,federation@velosport.org.ua,www.velosport.org.ua,
2023-06-14,2023-06-16,National Road Championships - USA (Junior-U23),,USA,,Road,AME,CN,nationalevents@usacycling.org,www.usacycling.org,
2023-06-14,2023-06-18,Tour de Beauce,,CAN,ME,Road,AME,2.2,info@tourdebeauce.com,www.tourdebeauce.com,
2023-06-14,2023-06-18,Baloise Belgium Tour,,BEL,ME,Road,EUR,2.Pro,christophe.impens@golazo.com; jan.nys@golazo.com,www.baloisebelgiumtour.be,
2023-06-14,2023-06-18,Tour of Slovenia,,SLO,ME,Road,EUR,2.Pro,office@tourofslovenia.si,www.tourofslovenia.si,
2023-06-15,2023-06-18,La Route d'Occitanie - La Dépêche du Midi,,FRA,ME,Road,EUR,2.1,pcaubin@laroutedoccitanie.fr,http://www.laroutedoccitanie.fr,
2023-06-15,2023-06-18,National Road Championships - Bermuda,,BER,,Road,AME,CN,info@bermudabicycle.org,www.bermudabicycle.org,
2023-06-15,2023-06-25,National Road Championships - Estonia,,EST,,Road,EUR,CN,ejl@ejl.ee,www.ejl.ee,
2023-06-15,2023-06-25,National Road Championships - Lithuania,,LTU,,Road,EUR,CN,info@ldsf.lt,www.ldsf.lt,
2023-06-15,2023-06-25,National Road Championships - Latvia,,LAT,,Road,EUR,CN,toms@lrf.lv,www.lrf.lv,
2023-06-16,2023-06-17,National Road Championships - Finland,,FIN,,Road,EUR,CN,,https://terva-ajot.sporttisaitti.com/?x118281=400577,
2023-06-16,2023-06-18,Tour du Pays de Montbéliard,,FRA,ME,Road,EUR,2.2,ccetupes@ccetupes.net,www.ccetupes.com,
2023-06-16,2023-06-18,National Road Championships - Macedonia,,MKD,,Road,EUR,CN,secretary@cfm.org.mk; office@cfm.org.mk,www.cfm.org.mk,
2023-06-16,2023-06-25,Vuelta a Colombia,,COL,ME,Road,AME,2.2,PRESIDENCIA@FEDERACIONCOLOMBIANADECICLISMO.COM,WWW.FEDERACIONCOLOMBIANADECICLISMO.COM,
2023-06-17,2023-06-17,Gran Premio Eccellenze Valli del Soligo (Cronosquadre),,ITA,MJ,Road,EUR,1.1,scsolighetto1919@alice.it,www.scsolighetto1919.it,
2023-06-17,2023-06-17,Regiónom Nitrianskeho Kraja,,SVK,WE,Road,EUR,1.2,j.vanco@cyklistikaszc.sk,www.cyklistikaszc.sk,
2023-06-17,2023-06-18,National Road Championships - Montenegro,,MNE,,Road,EUR,CN,biciklistickisavezcg@gmail.com,https://biciklistickisavezcg.me/propozicije-drzavno-prvenstvo-17-i-18-jun-2023-drum/,
2023-06-17,2023-06-18,National Road Championships - St-Vincent & Grenadines,,VIN,,Road,AME,CN,shimanob30@gmail.com,,
2023-06-17,2023-06-18,National Road Championships - Rwanda,,RWA,,Road,AFR,CN,ferwacy@yahoo.fr,www.ferwacy.rw,
2023-06-17,2023-06-18,National Road Championships - Grenada,,GRN,,Road,AME,CN,grenadacyclingfederation@gmail.com,,
2023-06-17,2023-06-18,National Road Championships - Antigua and Barbuda,,ANT,,Road,AME,CN,abcf@antiguacycling.com,,
2023-06-17,2023-06-18,National Road Championships - Slovakia - MU,,SVK,,Road,EUR,CN,balaztomas76@gmail.com,,
2023-06-17,2023-06-18,National Road Championships - Albania,,ALB,,Road,EUR,CN,info@albcycling.al; alfred.tahiraj@gmail.com,,
2023-06-17,2023-06-20,Tour de Suisse Women,,SUI,WE,Road,EUR,2.WWT,info@tds.ch,www.tourdesuisse.ch/fr/tds-2023/femmes/,
2023-06-17,2023-06-25,National Road Championships - Mauritius,,MRI,,Road,AFR,CN,amcyclisme@intnet.mu,,
2023-06-17,2023-06-25,National Road Championships - Costa Rica,,CRC,,Road,AME,CN,fecoci@fecoci.net,www.fecoci.net,
2023-06-18,2023-06-18,TF GD Dorigo MO Sogno Veneto MO Ettore e Cristiano Floriani MO Emilio Mazzero,,ITA,MJ,Road,EUR,1.1,scsolighetto1919@alice.it,www.scsolighetto1919.it,
2023-06-18,2023-06-18,National Road Championships - Honduras - IRR,,HON,,Road,AME,CN,freddydiaz@probikeshn.com,N/A,
2023-06-18,2023-06-18,National Road Championships - Czech Republic (MU23 - IRR),,CZE,,Road,EUR,CN,info@ceskysvazcyklistiky.cz,www.ceskysvazcyklistiky.cz,
2023-06-18,2023-06-25,National Road Championships - Belize,,BIZ,,Road,AME,CN,belizecycling@gmail.com,,
2023-06-18,2023-06-25,National Road Championships - Latvia (ME),,LAT,,Road,EUR,CN,toms@lrf.lv,,
2023-06-19,2023-06-24,National Road Championships - China (ME),,CHN,,Road,ASI,CN,admin@chncycling.com,,
2023-06-19,2023-06-24,National Road Championships - China,,CHN,,Road,ASI,CN,admin@chncycling.com,cycling.sport.org.cn,
2023-06-20,2023-06-25,National Road Championships - Iceland,,ISL,,Road,EUR,CN,hri@hri.is,,
2023-06-20,2023-07-02,National Road Championships - Mongolia (ME),,MGL,,Road,ASI,CN,cyclingfederationofmongolia@gmail.com,,
2023-06-20,2023-07-02,National Road Championships - Mongolia,,MGL,,Road,ASI,CN,cyclingfederationofmongolia@gmail.com,www.cyclingfederation.mn,
2023-06-21,2023-06-25,National Road Championships - Kazakhstan,,KAZ,,Road,ASI,CN,info@cycling.kz,https://cycling.kz/ru/,
2023-06-21,2023-06-25,National Road Championships - Great Britain,,GBR,,Road,EUR,CN,road@britishcycling.org.uk,www.britishcycling.org.uk,
2023-06-21,2023-06-25,National Road Championships - Poland,,POL,,Road,EUR,CN,d.banaszek@bdc-development.pl,,
2023-06-21,2023-06-25,National Road Championships - Netherlands,,NED,,Road,EUR,CN,wegsport@knwu.nl,www.knwu.nl,
2023-06-21,2023-06-25,National Road Championships - Kazakhstan (ME),,KAZ,,Road,ASI,CN,info@cycling.kz,,
2023-06-21,2023-06-25,National Road Championships - Luxembourg,,LUX,,Road,EUR,CN,info@fscl.lu,,
2023-06-22,2023-06-24,National Road Championships - Croatia,,CRO,,Road,EUR,CN,bruno@trail.hr,https://trail.hr/,
2023-06-22,2023-06-25,National Road Championships - Algeria,,ALG,,Road,AFR,CN,faccyclisme@gmail.com,,
2023-06-22,2023-06-25,National Road Championships - Slovenia,,SLO,,Road,EUR,CN,kzs@kolesarska-zveza.si,,
2023-06-22,2023-06-25,National Road Championships - Türkiye (ME),,TUR,,Road,EUR,CN,info@bisiklet.gov.tr,,
2023-06-22,2023-06-25,National Road Championships - Algeria (WE),,ALG,,Road,AFR,CN,alg.cyc.fed@gmail.com,,
2023-06-22,2023-06-25,National Road Championships - Brasil,,BRA,,Road,AME,CN,cbc@cbc.esp.br,www.cbc.esp.br,
2023-06-22,2023-06-25,National Road Championships - Türkiye,,TUR,,Road,EUR,CN,info@bisiklet.gov.tr,www.bisiklet.gov.tr,
2023-06-22,2023-06-25,National Road Championships - Norway,,NOR,,Road,EUR,CN,cato.karbol@sykling.no,www.sykling.no,
2023-06-22,2023-06-25,National Road Championships - Azerbaijan,,AZE,,Road,EUR,CN,info@cycling.az,,
2023-06-22,2023-06-25,National Road Championships - Ireland,,IRL,,Road,EUR,CN,chris.white@cyclingireland.ie,www.cyclingireland.ie,
2023-06-22,2023-06-25,National Road Championships - Sweden,,SWE,,Road,EUR,CN,goranmattsson.uck@hotmail.com,https://upsalack.se/linje-sm-2020/,
2023-06-22,2023-06-25,National Road Championships - France,,FRA,,Road,EUR,CN,a.fourez@ffc.fr,,
2023-06-22,2023-06-25,National Road Championships - USA,,USA,,Road,AME,CN,nationalevents@usacycling.org,www.usacycling.org,
2023-06-22,2023-06-25,National Road Championships - Slovakia,,SVK,,Road,EUR,CN,balaztomas76@gmail.com,https://www.cyklistikaszc.sk/,
2023-06-22,2023-06-25,National Road Championships - Czech Republic,,CZE,,Road,EUR,CN,balaztomas76@gmail.com,https://www.cyklistikaszc.sk/,
2023-06-22,2023-06-25,National Road Championships - Japan,,JPN,,Road,ASI,CN,cycling@japan-sports.or.jp,https://jcf.or.jp,
2023-06-22,2023-06-25,National Road Championships - Denmark,,DEN,,Road,EUR,CN,jens.kasler@cyklingdanmark.dk,,
2023-06-22,2023-06-25,National Road Championships - Spain,,ESP,,Road,EUR,CN,alejandromartin@rfec.com,www.rfec.com,
2023-06-22,2023-06-25,National Road Championships - Dominican Republic,,DOM,,Road,AME,CN,,,
2023-06-22,2023-06-25,National Road Championships - Belgium,,BEL,,Road,EUR,CN,info@belgiancycling.be,www.belgiancycling.be,
2023-06-22,2023-07-01,National Road Championships - Hungary (ME),,HUN,,Road,EUR,CN,vizer.barnabas@bringasport.hu,,
2023-06-22,2023-07-01,National Road Championships - Hungary,,HUN,,Road,EUR,CN,info@bringasport.hu,www.bringasport.hu,
2023-06-22,2023-07-02,National Road Championships - Italy,,ITA,,Road,EUR,CN,strada@federciclismo.it,,
2023-06-23,2023-06-24,National Road Championships - Israel,,ISR,,Road,EUR,CN,contact@israelcycling.org.il,www.israelcycling.org.il,
2023-06-23,2023-06-25,National Road Championships - Romania,,ROU,,Road,EUR,CN,office@federatiadeciclism.ro,https://federatiadeciclism.ro/,
2023-06-23,2023-06-25,National Road Championships - Paraguay,,PAR,,Road,AME,CN,secretaria@fpc.org.py,www.fpc.org.py,
2023-06-23,2023-06-25,National Road Championships - Canada,,CAN,,Road,AME,CN,athletes@donorthevents.ca,https://www.donorthevents.ca/,
2023-06-23,2023-06-25,National Road Championships - Guatemala,,GUA,,Road,AME,CN,fciclismogua@gmail.com,www.fciclismo.guatemala.com,
2023-06-23,2023-06-25,National Road Championships - Serbia,,SRB,,Road,EUR,CN,office@bss.rs,www.bss.rs,
2023-06-23,2023-06-25,National Road Championships - Morocco (ME),,MAR,,Road,AFR,CN,frmc56@gmail.com,,
2023-06-23,2023-06-25,National Road Championships - Eritrea,,ERI,,Road,AFR,CN,ncefa1935@gmail.com,,
2023-06-23,2023-06-25,National Road Championships - Morocco,,MAR,,Road,AFR,CN,frmc56@gmail.com,www.frmcyclisme.ma,
2023-06-23,2023-06-25,National Road Championships - Germany,,GER,,Road,EUR,CN,rik@sauser-event.de,www.sauser.de,
2023-06-23,2023-07-02,National Road Championships - Portugal,,POR,,Road,EUR,CN,geral@fpciclismo.pt,fpciclismo.pt,
2023-06-23,2023-07-02,National Road Championships - Portugal (ME),,POR,,Road,EUR,CN,geral@fpciclismo.pt,,
2023-06-24,2023-06-24,National Road Championships - Austria (ITT),,AUT,,Road,EUR,CN,office@polakplanung.at,www.radsportverband.at,
2023-06-24,2023-06-24,National Road Championships - Puerto Rico - ITT,,PUR,,Road,AME,CN,ismfuente@yahoo.com; fecipur@gmail.com,WWW.FECIPUR.ORG,
2023-06-24,2023-06-25,National Road Championships - Burkina Faso,,BUR,,Road,AFR,CN,fedeburkinacyclisme@gmail.com,,
2023-06-24,2023-06-25,National Road Championships - Mali,,MLI,,Road,AFR,CN,fedecyclisme@gmail.com,,
2023-06-24,2023-06-25,National Road Championships - British Virgin Islands,,IVB,,Road,AME,CN,danddmark@surfbvi.com,www.virginislandscycling.org,
2023-06-24,2023-06-25,National Road Championships - Bulgaria,,BUL,,Road,EUR,CN,admin@bgcf.bg,www.bgcf.bg,
2023-06-24,2023-06-25,National Road Championships - Hong Kong,,HKG,,Road,ASI,CN,jacob.y@cycling.org.hk / wilfred.wu@cycling.org.hk,www.cycling.org.hk,
2023-06-24,2023-06-25,National Road Championships - Jamaica,,JAM,,Road,AME,CN,jcfsecretary.info@gmail.com,,
2023-06-24,2023-06-25,National Road Championships - Switzerland,,SUI,,Road,EUR,CN,lukas.stieger@rvwetzikon.ch,https://rad-sm2023.ch/,
2023-06-24,2023-06-25,National Road Championships - Laos,,LAO,,Road,ASI,CN,laosctcling@gmail.com,,
2023-06-24,2023-06-25,National Road Championships - Benin,,BEN,,Road,AFR,CN,federation229cyclisme@gmail.com,www.fbc.bj,
2023-06-24,2023-06-25,National Road Championships - Bosnia and Herzegovina,,BIH,,Road,EUR,CN,office@bisabih.ba,www.bisabih.ba,
2023-06-25,2023-06-25,National Road Championships - Austria (IRR),,AUT,,Road,EUR,CN,office@lrv-noe.at,www.radsportverband.at,
2023-06-25,2023-06-25,National Road Championships - Eswatini,,SWZ,,Road,AFR,CN,info@cyclingswazi.com,www.eswatinicycling.com,
2023-06-25,2023-06-25,National Road Championships - Cameroun,,CMR,,Road,AFR,CN,fecacyclisme2013@yahoo.fr,,
2023-06-26,2023-06-26,Wielerronde van Luyksgestel,Luyksgestel,NED,ME,Road,EUR,CRTP,secretariaat@wielerevenementen-luyksgestel.nl,www.wielerevenementen-luyksgestel.nl,
2023-06-26,2023-06-26,Wielerronde van Luyksgestel,Luyksgestel,NED,WE,Road,EUR,CRTP,secretariaat@wielerevenementen-luyksgestel.nl,www.wielerevenementen-luyksgestel.nl,
2023-06-27,2023-07-04,National Road Championships - Iran,,IRI,,Road,ASI,CN,ircyclingfed@gmail.com,http://www.cfi.ir/,
2023-06-28,2023-06-30,National Road Championships - Philippines,,PHI,,Road,ASI,CN,philcycling@gmail.com,https://www.facebook.com/philcycling,
2023-06-28,2023-07-01,Course Cycliste de Solidarnosc et des Champions Olympiques,,POL,ME,Road,EUR,2.2,wyscig@solidarnosc.lodz.pl,www.wyscig.com.pl,
2023-06-29,2023-07-02,National Road Championships - Spain (Juniors),,ESP,,Road,EUR,CN,info@rfec.com,www.rfec.com,
2023-06-30,2023-07-02,National Road Championships - Greece (ME),,GRE,,Road,EUR,CN,info@eop.cosmotemail.gr,,
2023-06-30,2023-07-02,National Road Championships - Greece,,GRE,,Road,EUR,CN,info@eop.cosmotemail.gr,https://hellenic-cycling.gr,
2023-06-30,2023-07-02,BESTRONICS Acht van Bladel,,NED,MJ,Road,EUR,2.1,teams@achtvanbladel.nl,www.achtvanbladel.nl,
2023-06-30,2023-07-09,Giro d'Italia Donne,,ITA,WE,Road,MON,2.WWT,direzionegenerale@starlightssd.it,,
2023-07-01,2023-07-01,GP Général Patton,,LUX,MJ,Road,EUR,1.1,info@skodatour.lu,www.skodatour.lu,
2023-07-01,2023-07-01,GP of the Mayor of the city Žiar nad Hronom,,SVK,WE,Road,EUR,1.2,j.vanco@cyklistikaszc.sk,www.cyklistikaszc.sk,
2023-07-01,2023-07-02,National Championships - Moldavia,,MDA,,Road,EUR,CN,moldciclism@gmail.com,,
2023-07-01,2023-07-23,Tour de France,,FRA,ME,Road,UWT,2.UWT,tgouvenou@aso.fr,www.letour.fr,https://upload.wikimedia.org/wikipedia/pt/thumb/e/eb/Tour_de_France_logo.svg/640px-Tour_de_France_logo.svg.png
2023-07-02,2023-07-02,Midden-Brabant Poort Omloop,,NED,ME,Road,EUR,1.2,info@wielerweekendgilze.nl,www.wielerweekendgilze.nl,
2023-07-02,2023-07-02,National Road Championships - Singapore (IRR),,SIN,,Road,ASI,CN,admin@singaporecycling.org.sg,,
2023-07-02,2023-07-02,GP Luxembourg,,LUX,MJ,Road,EUR,1.1,info@skodatour.lu,www.skodatour.lu,
2023-07-02,2023-07-02,Giro del Medio Brenta,,ITA,ME,Road,EUR,1.2,info@studiomichielon.it,,
2023-07-02,2023-07-02,Tour de Berlin Feminin,,GER,WE,Road,EUR,1.2,TdB-Feminin@berlin-radsport.de,https://tour-de-berlin.de/,
2023-07-02,2023-07-02,Albert Heijn Ger Koopman Ronde van Driel,,NED,WE,Road,EUR,CRTP,wernersmeenk@pn.nl,www.kersenfeestdriel.nl,
2023-07-02,2023-07-02,National Road Championships - Austria (WU),,AUT,WU,Road,EUR,CN,m.hofmann@hbs-systemabdichtungen.ch,www.vcbm.ch,
2023-07-02,2023-07-02,National Road Championships - Germany (MU/WU),,GER,WU,Road,EUR,CN,m.hofmann@hbs-systemabdichtungen.ch,https://www.vcbuerglen-maerwil.ch,
2023-07-02,2023-07-02,National Road Championships - Switzerland (MU/WU),,SUI,,Road,EUR,CN,m.hofmann@hbs-systemabdichtungen.ch,https://www.vcbuerglen-maerwil.ch,
2023-07-02,2023-07-02,National Road Championships - Luxembourg (U23),,LUX,,Road,EUR,CN,m.hofmann@hbs-systemabdichtungen.ch,https://www.vcbuerglen-maerwil.ch,
2023-07-02,2023-07-06,Tour of Austria,,AUT,ME,Road,EUR,2.1,office@tourofaustria.com,www.tourofaustria.com,
2023-07-04,2023-07-04,Trofeo Città di Brescia - Mem. Rino Fiori,,ITA,ME,Road,EUR,1.2,iab@roda.it,www.gscittadibrescia.it,
2023-07-05,2023-07-07,Juegos Centroamericanos y del Caribe,,ESA,,Road,AME,JR,m.contreras@fsc.org.sv,www.sansalvador2023.com,
2023-07-06,2023-07-07,National Road Championships - Korea,,KOR,,Road,ASI,CN,cycling@sports.or.kr,www.cycling.or.kr,
2023-07-06,2023-07-07,National Road Championships - Korea (ME),,KOR,,Road,ASI,CN,cycling@sports.or.kr,,
2023-07-06,2023-07-09,Sint Martinusprijs Kontich,,BEL,MJ,Road,EUR,2.1,steeds.vooraan@telenet.be,www.steeds-vooraan.be,
2023-07-06,2023-07-09,Sibiu Cycling Tour,,ROU,ME,Road,EUR,2.1,ciclism@sibiu.ro,https://ciclism.sibiu.ro,
2023-07-08,2023-07-08,Respect Ladies Race Slovakia,,SVK,WE,Road,EUR,1.2,zilovec@respect-slovakia.sk,visegrad4bicyclerace.com,
2023-07-08,2023-07-08,Visegrad 4 Kerekparverseny,,HUN,ME,Road,EUR,1.2,mozgasegeszsegrekreacio@gmail.com,https://v4kerekparverseny.hu,
2023-07-08,2023-07-08,Grand Prix Erciyes,,TUR,ME,Road,EUR,1.2,info@bisiklet.gov.tr; info@cyclingracesinturkiye.com,www.bisiklet.gov.tr,
2023-07-09,2023-07-09,Argenta Classic - 2 Districtenpijl Ekeren-Deurne,,BEL,WE,Road,EUR,1.1,info@rabc1882.be,https://www.2districtenpijl-ekeren-deurne.be/,
2023-07-09,2023-07-09,Menen Kemmel Menen,,BEL,MJ,Road,EUR,1.1,kwscmenen8930@gmail.com,www.kwsc-menen.be,
2023-07-09,2023-07-09,Visegrad 4 Bicycle Race - GP Slovakia,,SVK,ME,Road,EUR,1.2,zilovec@respect-slovakia.sk,visegrad4bicyclerace.com,
2023-07-09,2023-07-14,Arab Sports Games,,ALG,ME,Road,MON,JR,arab.cyc.fed@gmail.com,arabgames2023.dz,
2023-07-09,2023-07-16,Tour of Qinghai Lake,,CHN,ME,Road,ASI,2.Pro,tdql_2015@sina.cn,www.tdql.cn,
2023-07-09,2023-07-16,National Road Championships - Lebanon,,LBN,,Road,ASI,CN,felicyc@gmail.com,,
2023-07-11,2023-07-16,Tour de l'Abitibi,,CAN,MJ,Road,AME,2.Ncup,direction@tourabitibi.qc.ca,www.tourabitibi.com,
2023-07-12,2023-07-12,Global Relay Gastown Grand Prix,,CAN,ME,Road,AME,CRT,info@globalrelayggp.org,https://www.globalrelayggp.org/,
2023-07-12,2023-07-12,Global Relay Gastown Grand Prix,,CAN,WE,Road,AME,CRT,info@globalrelayggp.org,https://www.globalrelayggp.org/,
2023-07-12,2023-07-16,Baloise Ladies Tour,,BEL,WE,Road,EUR,2.1,glssport@telenet.be,www.baloiseladiestour.com,
2023-07-12,2023-07-16,Ain Bugey Valromey Tour,,FRA,MJ,Road,EUR,2.1,jm.vivier@tvo.bike,http://www.tvo.bike,
2023-07-12,2023-07-16,Giro Ciclistico della Valle d'Aosta - Mont Blanc,,ITA,MU,Road,EUR,2.2U,segreteria@girovalledaosta.it,www.girovalledaosta.it,
2023-07-13,2023-07-14,National Road Championships - Iran (MJ),,IRI,,Road,ASI,CN,ircyclingfed@gmail.com,,
2023-07-13,2023-07-16,GP Internacional Torres Vedras - Trofeu Joaquim Agostinho,,POR,ME,Road,EUR,2.2,udo@udo.pt,www.udo.pt,
2023-07-14,2023-07-16,Medzinárodné dni cyklistiky Dubnica nad Váhom,,SVK,MJ,Road,EUR,2.Ncup,skcsro@gmail.com,www.cyklistikaszc.sk,
2023-07-14,2023-07-16,Gemenc GP,,HUN,ME,Road,EUR,2.2,scherer.tamas@szekszardisport.hu,http://gemencgp.hu/,
2023-07-14,2023-07-16,National Road Championships - Kosovo,,KOS,,Road,EUR,CN,kosovacf@yahoo.com,,
2023-07-14,2023-07-16,National Road Championships - Venezuela,,VEN,,Road,AME,CN,fvciclismove@gmail.com,fvciclismo.net,
2023-07-16,2023-07-16,Gouden Garnaal - Mosselronde,,NED,MJ,Road,EUR,1.1,emartijn@zeelandnet.nl,www.omloopvandebraakman.nl,
2023-07-16,2023-07-16,Women's Cycling Grand Prix Stuttgart & Region,,GER,WE,Road,EUR,1.2,info@brezelrace.de,www.womenscyclingstuttgart.de,
2023-07-19,2023-07-19,SD WORX BW Classic,,BEL,ME,Road,EUR,1.2,christophe.brandt@trworg.be; wendy.dessauvages@trworg.be,www.sdworxbwclassic.be,
2023-07-20,2023-07-23,National Road Championships - Malaysia,,MAS,,Road,ASI,CN,mncf@mail.com,,
2023-07-21,2023-07-23,Tour of Huangshan,,CHN,ME,Road,ASI,2.2,hanrm@orgpackaging.com;admin@chncycling.com,,
2023-07-21,2023-07-23,Junioren Rundfahrt,,AUT,MJ,Road,EUR,2.1,office@ooe-radsportverband.at,www.ooe-radsportverband.at,
2023-07-22,2023-07-22,Visegrad 4 Bicycle Race Grand Prix Poland,,POL,ME,Road,EUR,1.2,dzkol@dzkol.eu,,
2023-07-22,2023-07-23,Bizkaikoloreak,,ESP,WJ,Road,EUR,2.Ncup,txirringan@euskalnet.net,https://www.facebook.com/bizkaikoloreak/,
2023-07-22,2023-07-26,Ethias-Tour de Wallonie,,BEL,ME,Road,EUR,2.Pro,christophe.brandt@trworg.be; stephanie.roelens@trworg.be,www.trworg.be,
2023-07-23,2023-07-23,Visegrad 4 Bicycle Race - GP Czech Republic,,CZE,ME,Road,EUR,1.2,info@ceskysvazcyklistiky.cz,www.ceskysvazcyklistiky.cz,
2023-07-23,2023-07-23,Cupa Max Ausnit,,ROU,ME,Road,EUR,1.2,hello@velocitas.ro,www.cupamaxausnit.ro,
2023-07-23,2023-07-23,Grand Prix de la ville de Pérenchies,,FRA,ME,Road,EUR,1.2,roselyne.pysson@numericable.fr; rogervandevelde@hotmail.fr; bernard.portenart@neuf.fr,www.ville-perenchies.fr,
2023-07-23,2023-07-23,GP Kranj,,SLO,ME,Road,EUR,1.2,kksava@siol.net,www.kklub-sava.si,
2023-07-23,2023-07-30,Tour de France Femmes avec Zwift,,FRA,WE,Road,MON,2.WWT,tgouvenou@aso.fr,letourfemmes.fr,
2023-07-24,2023-07-24,Daags na de Tour,,NED,ME,Road,EUR,CRTP,info@daagsnadetour.nl,www.daagsnadetour.nl,
2023-07-24,2023-07-24,Daags na de Tour,,NED,WE,Road,EUR,CRTP,info@daagsnadetour.nl,www.daagsnadetour.nl,
2023-07-25,2023-07-25,Profronde van Surhuisterveen om de Gouden Fiets,,NED,ME,Road,EUR,CRTP,info@wielrennensurhuisterveen.nl,www.wielrennensurhuisterveen.nl,
2023-07-25,2023-07-25,Prueba Villafranca - Ordiziako Klasika,Prueba Villafranca - Ordiziako Klasika,ESP,ME,Road,EUR,1.1,jlsanzroa@hotmail.es,www.ordizia-pruebavillafranca.com,
2023-07-25,2023-07-25,Memoriał Andrzeja Trochanowskiego,,POL,ME,Road,EUR,1.2,mazoviateam@interia.pl,,
2023-07-25,2023-07-25,Critérium d’Après Tour de France de Lisieux,Lisieux,FRA,ME,Road,EUR,CRTP,helenecb.vclisieux@gmail.com,,
2023-07-26,2023-07-26,Acht van Chaam,,NED,ME,Road,EUR,CRTP,@8vanchaam.nl,www.8vanchaam.nl,
2023-07-26,2023-07-26,Acht van Chaam,,NED,WE,Road,EUR,CRTP,info@8vanchaam.nl,www.8vanchaam.nl,
2023-07-26,2023-07-26,"Crito'Star ""Souvenir Davide Rebellin""",CHOISY LE ROI,FRA,ME,Road,EUR,CRT,velostar9@gmail.com,Velostarorganisation.com,
2023-07-26,2023-07-26,Tour de Neuss,Neuss Germany,GER,ME,Road,EUR,CRT,info_nrv1888@t-online.de,www.nrv1888.de,
2023-07-26,2023-07-27,Vuelta a Castilla y Leon,,ESP,ME,Road,EUR,2.1,clubciclistacadalsa@outlook.com,www.vueltacastillayleon.es,
2023-07-26,2023-07-29,Dookoła Mazowsza,,POL,ME,Road,EUR,2.2,mazoviateam@interia.pl,,
2023-07-26,2023-07-30,Tour ALSACE,,FRA,ME,Road,EUR,2.2,claude.deschaseaux9@orange.fr,www.touralsace.fr,
2023-07-26,2023-07-30,Vuelta a Colombia Femenina,,COL,WE,Road,AME,2.2,PRESIDENCIA@federacioncolombianadeciclismo.com,FEDERACIONCOLOMBIANADECICLISMO.COM,
2023-07-27,2023-07-27,Critérium international d’après Tour de France de Dijon,Dijon,FRA,ME,Road,EUR,CRTP,contact@scodijon.fr,http://scodijon.fr,
2023-07-27,2023-07-27,49e Profronde Westland,Wateringen,NED,ME,Road,EUR,CRTP,info@profrondewestland.nl,www.profrondewestland.nl,
2023-07-27,2023-07-30,Czech Tour,,CZE,ME,Road,EUR,2.1,racemanager@czechtour.com; president@czechtour.com,www.sazkatour.cz,
2023-07-28,2023-07-28,Franssen Franken Ronde Heerlen,Heerlen,NED,ME,Road,EUR,CRTP,christiekstra@ccheerlen.nl,https://franssenfrankenrondeheerlen.nl,
2023-07-28,2023-07-28,Schmitter Nacht von Hürth,,GER,ME,Road,EUR,CRTP,rlippok@komet-delia.de,www.komet-delia.de,
2023-07-28,2023-07-28,Salus Radsportnacht in Bruckmühl,,GER,ME,Road,EUR,CRTP,kontakt@rsv-goetting-bruckmuehl.de,http://www.radsportnacht.de/,
2023-07-28,2023-07-28,FAST & FOREST Innenstadtkriterium,70736 Fellbach,GER,ME,Road,EUR,CRTP,info@fast-and-forest.com,www.fast-and-forest.com,
2023-07-28,2023-07-30,Watersley Junior Challenge,,NED,MJ,Road,EUR,2.Ncup,info@watersley-topsports.com,www.watersley.com,
2023-07-28,2023-07-30,Princess Anna Vasa Tour,,POL,WE,Road,EUR,2.2,info@pavtour.eu,https://pavtour.eu,
2023-07-28,2023-07-31,Kreiz Breizh Elites,,FRA,ME,Road,EUR,2.2,alainbaniel@sitekbe.com,www.sitekbe.com,
2023-07-29,2023-07-29,Criterium Cycliste International du Grand Dole Colruyt,,FRA,ME,Road,EUR,CRTP,pascal.mergey@orange.fr,https://www.criteriumcyclisteinternationaldugranddole.com/,
2023-07-29,2023-07-29,Kirchheimer Radsportnacht,Kirchheim unter Teck,GER,ME,Road,EUR,CRTP,benkert.marc@gmail.com,www.cyclingfriendspassione.de,
2023-07-29,2023-07-29,Mijl van Mares,Maarheeze,NED,ME,Road,EUR,CRTP,info@mijlvanmares.nl,mijlvanmares.nl,
2023-07-29,2023-07-29,Donostia San Sebastian Klasikoa,,ESP,ME,Road,UWT,1.UWT,admon@oceta.eus,www.klasikoa.eus,
2023-07-29,2023-07-30,Jeux de la Francophonie,,COD,,Road,AFR,JR,cijf@francophonie.org,,
2023-07-29,2023-08-04,Tour de Pologne,,POL,ME,Road,UWT,2.UWT,sekretariat@langteam.com.pl,www.tourdepologne.pl,
2023-07-30,2023-07-30,Grand Prix Kültepe,,TUR,ME,Road,EUR,1.2,info@bisiklet.gov.tr; info@cyclingracesinturkiye.com,www.bisiklet.gov.tr,
2023-07-30,2023-07-30,Circuito de Getxo - Memorial Hermanos Otxoa,,ESP,ME,Road,EUR,1.1,puntagalea@puntagalea.com,www.puntagalea.com,
2023-07-30,2023-07-30,Puchar MON,,POL,ME,Road,EUR,1.2,mazoviateam@interia.pl,,
2023-07-30,2023-07-30,De Gouden Pijl Emmen,Emmen,NED,ME,Road,EUR,CRTP,thijs.rondhuis@courage-events.nl,www.goudenpijl.nl,
2023-07-30,2023-07-30,De Gouden Pijl Emmen,Emmen,NED,WE,Road,EUR,CRTP,thijs.rondhuis@courage-events.nl,www.goudenpijl.nl,
2023-07-30,2023-07-30,Ronde d'Aix,Aix en Provence centre ville,FRA,ME,Road,EUR,CRTP,avcaix@gmail.com,avcaix.com,
2023-07-30,2023-07-30,GrandPrixBadMonburg,,GER,ME,Road,EUR,CRT,fj@grandprixbadhomburg.de,,
2023-07-30,2023-07-30,Championnats d'Europe des Grimpeurs 2023,Tremola - San Gottardo,SUI,,Road,EUR,N/A,t.lardieri@uec.ch,www.uec.ch,
2023-07-31,2023-07-31,Critérium De Colmar,Colmar - France,FRA,ME,Road,EUR,CRTP,francois.langlo@novartis.com,,
2023-07-31,2023-07-31,Draai van de Kaai,Roosendaal,NED,WE,Road,EUR,CRTP,info@dedraai.nl,www.dedraai.nl,
2023-07-31,2023-07-31,Draai van de Kaai,Roosendaal,NED,ME,Road,EUR,CRTP,info@dedraai.nl,www.dedraai.nl,
2023-07-31,2023-08-02,Tour de l'Ain,,FRA,ME,Road,EUR,2.1,pcolliou@tourdelain.com,www.tourdelain.com,
2023-08-01,2023-08-01,Kreiz Breizh Elites Féminin,,FRA,WE,Road,EUR,1.1,alainbaniel@sitekbe.com,www.sitekbe.com,
2023-08-01,2023-08-01,Het Spektakel van Steenwijk,Steenwijk,NED,ME,Road,EUR,CRTP,info@hetspektakelvansteenwijk.nl,www.hetspektakelvansteenwijk.nl,
2023-08-01,2023-08-05,100th Anniversary Tour of The Republic,,TUR,ME,Road,EUR,2.2,info@bisiklet.gov.tr,www.bisiklet.gov.tr,
2023-08-02,2023-08-06,"National Road Championships - France (U23, Juniors)",,FRA,,Road,EUR,CN,a.fourez@ffc.fr,,
2023-08-03,2023-08-03,Profwielerronde Oostvoorne,,NED,ME,Road,EUR,CRTP,info@profrondeoostvoorne.com,www.profrondeoostvoorne.com,
2023-08-03,2023-08-03,Profwielerronde Oostvoorne,,NED,WE,Road,EUR,CRTP,info@profrondeoostvoorne.com,www.profrondeoostvoorne.com,
2023-08-04,2023-08-04,Critérium Arc-en-Ciel Saint-Amand Montrond,Saint-Amand-Montrond,FRA,ME,Road,EUR,CRTP,benoit.maugrion@agence-panenka.com,,
2023-08-04,2023-08-06,Aubel-Thimister-Stavelot,,BEL,MJ,Road,EUR,2.1,r_col@hotmail.com,www.fleche-ardennaise.be,
2023-08-04,2023-08-13,Tour Cycliste International de la Guadeloupe,,FRA,ME,Road,EUR,2.2,comptabilite@crcg.fr,www.guadeloupecyclisme.com,
2023-08-05,2023-08-05,Critérium Cycliste Professionnel Dun Le Palestel,DUN LE PALESTEL,FRA,ME,Road,EUR,CRTP,marie-france.delouis@wanadoo.fr,criteriumdunpro.wifeo.com,
2023-08-05,2023-08-07,Youth Commonwealth Games,,TTO,ME,Road,MON,JR,cgaservices@cygtt.com,www.trinbago2023.com,
2023-08-05,2023-08-13,2023 UCI Cycling World Championships - Road,"Glasgow and across Scotland, United Kingdom",GBR,,Road,MON,CM,hello2023@cyclingworldchamps.com,cyclingworldchamps.com,
2023-08-06,2023-08-06,Wielerweekend Moerdijk,,NED,WE,Road,EUR,CRTP,secretariaat@wielerweekendmoerdijk.nl,www.profrondeZevenbergen.nl,
2023-08-06,2023-08-06,Wielerweekend Moerdijk,,NED,WE,Road,EUR,CRTP,secretariaat@wielerweekendmoerdijk.nl,www.profrondeZevenbergen.nl,
2023-08-06,2023-08-06,Criterium Cycliste International Vayrac,VAYRAC,FRA,ME,Road,EUR,CRTP,gerard.gouygou@gmail.com,www.criteriumdevayrac.fr,
2023-08-09,2023-08-09,Criterium International Marcoles en Chataigneraie Souvenir Lucien Cantournet,Marcoles,FRA,ME,Road,EUR,CRTP,yannick.cantournet1@wanadoo.fr,www.criterium-marcoles.com,
2023-08-09,2023-08-12,Tour of Szeklerland,,ROU,ME,Road,EUR,2.2,cycling@novakgroup.ro,https://tourofszeklerland.ro/,
2023-08-09,2023-08-20,Volta a Portugal em Bicicleta,,POR,ME,Road,EUR,2.1,geral@podi1.com,www.volta-portugal.pt,
2023-08-10,2023-08-10,Grand Prix de Yaoundé,Yaoundé - Cameroun,CMR,ME,Road,AFR,CRT,fecacyclisme2013@yahoo.fr,,
2023-08-10,2023-08-10,Critérium Cycliste de Castillon-la-Bataille,CASTILLON-LA-BATAILLE (33350),FRA,ME,Road,EUR,CRTP,barriere@hotmail.fr,https://criteriumcastillonlabataille.wordpress.com,
2023-08-12,2023-08-12,Memorial Henryka Łasaka,,POL,ME,Road,EUR,1.2,wyscig.lasaka@gmail.com,memoriallasaka.pl,
2023-08-12,2023-08-12,La Périgord Ladies,,FRA,WE,Road,EUR,1.2,tourdulimousin@wanadoo.fr,www.tourdulimousin.com,
2023-08-12,2023-08-12,Gran Premio Guatemala,,GUA,ME,Road,AME,1.2,fciclismo.guatemala@gmail.com,www.fedeciclismogua.org,
2023-08-12,2023-08-13,La Ronde Des Vallées,,FRA,MJ,Road,EUR,2.1,jy.mahoudo@orange.fr,,
2023-08-13,2023-08-13,Memoriał Jana Magiery,,POL,ME,Road,EUR,1.2,wyscig.magiery@gmail.com,memorialmagiery.pl,
2023-08-13,2023-08-13,La Polynormande,,FRA,ME,Road,EUR,1.1,polynormande@gmail.com; gmorel35@outlook.fr,www.polynormande.com,
2023-08-13,2023-08-13,La Picto - Charentaise,,FRA,WE,Road,EUR,1.2,poitoucharentesanimation@orange.fr,www.tour-poitou-charentes.com,
2023-08-13,2023-08-13,Gran Premio Sportivi di Poggiana-Trofeo Bonin Costruzioni,,ITA,MU,Road,EUR,1.2U,asolobikepoggiana@gmail.com,www.gppoggiana.net,
2023-08-13,2023-08-13,National Road Championships - Belgium (MU23 - IRR),,BEL,,Road,EUR,CN,info@belgiancycling.be,,
2023-08-13,2023-08-13,Gran Premio Chapin,,GUA,ME,Road,AME,1.2,fciclismo.guatemala@gmail.com,www.fedeciclismogua.org,
2023-08-15,2023-08-15,Criterium Cycliste International de Quillan,QUILLAN,FRA,ME,Road,EUR,CRTP,patrick.quinta@sfr. fr; julien.baudru@sfr.fr,,
2023-08-15,2023-08-15,Tour of Leuven - Memorial Jef Scherens,,BEL,ME,Road,EUR,1.1,alain.sterckx@ks-leuven.be,www.ks-leuven.be,
2023-08-15,2023-08-15,Grote Prijs Yvonne Reynders,,BEL,WE,Road,EUR,1.2,info@gpyvonnereynders.be,www.gpyvonnereynders.be,
2023-08-15,2023-08-15,72e Valstar Wielerspektakel van Naaldwijk,,NED,WE,Road,EUR,CRTP,info@valstarwielerspektakel.nl,www.valstarwielerspektakel.nl,
2023-08-15,2023-08-18,Tour du Limousin-Périgord - Nouvelle Aquitaine,,FRA,ME,Road,EUR,2.1,tourdulimousin@wanadoo.fr,www.tourdulimousin.com,
2023-08-15,2023-08-19,Vuelta a Burgos,,ESP,ME,Road,EUR,2.Pro,vueltaburgos@diputaciondeburgos.es,www.vueltaburgos.es,
2023-08-15,2023-08-19,PostNord Danmark Rundt - Tour of Denmark,,DEN,ME,Road,EUR,2.Pro,frank.hyldgaard@cyklingdanmark.dk,www.postnorddanmarkrundt.dk,
2023-08-16,2023-08-16,Gp Capodarco Comunita Di Capodarco,,ITA,MU,Road,EUR,1.2U,adriano@gpcapodarco.net,www.gpcapodarco.net,
2023-08-16,2023-08-17,Nation's Cup Hungary,,HUN,MJ,Road,EUR,2.Ncup,mozgasegeszsegrekreacio@gmail.com,https://ncuphungary.com/,
2023-08-17,2023-08-20,Arctic Race of Norway,,NOR,ME,Road,EUR,2.Pro,ked@arctic-race.no,www.arctic-race.com,
2023-08-18,2023-08-18,Konvert Koerse,,BEL,WE,Road,EUR,1.1,alexander@beyaertprinting.be,www.kortrijkkoerse.be,
2023-08-18,2023-08-20,Baltic Chain Tour,,EST,ME,Road,EUR,2.2,info@proklubi.ee,www.balticchaintour.com,
2023-08-19,2023-08-19,Druivenkoers - Overijse,,BEL,ME,Road,EUR,1.1,de.sportvrienden@proximus.be,www.desportvriendenoverijse.be,
2023-08-19,2023-08-19,Wielerronde van Dirksland,,NED,WE,Road,EUR,CRTP,arievantgeloof@gmail.com,https://www.facebook.com/Wielerronde-van-Dirksland-102889368703857/,
2023-08-19,2023-08-19,GP Oetingen by St Feuillien,,BEL,WE,Road,EUR,1.1,Steven@gooiksportief.be,www.gooiksportief.be,
2023-08-19,2023-08-19,Grand Prix Kaisareia,,TUR,ME,Road,EUR,1.2,info@bisiklet.gov.tr; info@cyclingracesinturkiye.com,www.bisiklet.gov.tr,
2023-08-19,2023-08-19,Grand Prix Kaisareia,,TUR,WE,Road,EUR,1.2,info@bisiklet.gov.tr; info@cyclingracesinturkiye.com,www.bisiklet.gov.tr,
2023-08-19,2023-08-20,National Championships - Slovakia (WU),,SVK,,Road,EUR,CN,belak@viena.sk,https://www.cyklistikaszc.sk/,
2023-08-20,2023-08-20,Criterium d'Avermes Portes de l'Allier,Avermes,FRA,ME,Road,EUR,CRTP,yanick.gondoux@orange.fr,bourbonnais-cyclisme-sport-organisation.com,
2023-08-20,2023-08-20,Egmont Cycling Race,,BEL,ME,Road,EUR,1.1,jogosseye@belgacom.net,www.egmontcyclingrace.be,
2023-08-20,2023-08-20,BEMER Cyclassics,,GER,ME,Road,UWT,1.UWT,oliver.schiek@ironman.com,www.cyclassics-hamburg.de,
2023-08-20,2023-08-20,15de Las Montage Holland Profwielerronde Etten-Leur,,NED,ME,Road,EUR,CRTP,info@wielertopsportetten-leur.nl,www.profwielerrondeetten-leur.nl,
2023-08-20,2023-08-20,15de Las Montage Holland Profwielerronde Etten-Leur,,NED,WE,Road,EUR,CRTP,info@wielertopsportetten-leur.nl,www.profwielerrondeetten-leur.nl,
2023-08-20,2023-08-27,Tour de l'Avenir,,FRA,MU,Road,EUR,2.Ncup,philippe.colliou@tourdelavenir.com,www.tourdelavenir.com,
2023-08-22,2023-08-22,Egmont Cycling Race Women,,BEL,WE,Road,EUR,1.2,jogosseye@belgacom.net,www.egmontcyclingrace.be,
2023-08-22,2023-08-24,National Road Championships - Indonesia,,INA,,Road,ASI,CN,contact@icf.id,www.icf.id,
2023-08-22,2023-08-25,Tour Poitou - Charentes en Nouvelle Aquitaine,,FRA,ME,Road,EUR,2.1,poitoucharentesanimation@orange.fr,www.tour-poitou-charentes.com,
2023-08-22,2023-08-29,National Road Championships - Uzbekistan,,UZB,,Road,ASI,CN,uzbcycling@mail.ru,www.velosport.uz,
2023-08-23,2023-08-27,Deutschland Tour,,GER,ME,Road,EUR,2.Pro,office@gfr-cycling.de,www.deutschland-tour.com,
2023-08-23,2023-08-27,Renewi Tour,,---,ME,Road,UWT,2.UWT,jan.nys@golazo.com; Christophe.impens@golazo.com,www.renewitour.com,
2023-08-23,2023-08-27,Tour of Scandinavia,,NOR,WE,Road,MON,2.WWT,ael@eventrix.no,www.ladiestour.no,
2023-08-24,2023-08-27,Giro Toscana Int. Femminile - Memorial Michela Fanini,,ITA,WE,Road,EUR,2.2,info@michelafanini.com,www.michelafanini.com,
2023-08-25,2023-08-25,Profronde Almelo,,NED,ME,Road,EUR,CRTP,secretariaat@profrondealmelo.nl,https://profrondealmelo.nl,
2023-08-25,2023-08-27,Vuelta Junior a la Ribera del Duero,,ESP,MJ,Road,EUR,2.1,deportes@arandadeduero.es,,
2023-08-25,2023-08-27,Tour of Yigido,,TUR,ME,Road,EUR,2.2,info@bisiklet.gov.tr,www.bisiklet.gov.tr,
2023-08-26,2023-08-26,Trofeo Comune di Vertova - Memorial Pietro Merelli,,ITA,MJ,Road,EUR,1.1,un.ci.sanmarco@gmail.com,www.sanmarcovertova.it,
2023-08-26,2023-08-26,Tour of Kandovan,,IRI,ME,Road,ASI,1.2,ircyclingfed@gmail.com,http://www.cfi.ir,
2023-08-26,2023-08-31,Tour of Bulgaria,,BUL,ME,Road,EUR,2.2,contact@bgcf.bg,www.bgcf.bg,
2023-08-26,2023-09-17,La Vuelta Ciclista a España,,ESP,ME,Road,UWT,2.UWT,info@unipublic.es,lavuelta.com,
2023-08-27,2023-08-27,Trofeo Emilio Paganessi,,ITA,MJ,Road,EUR,1.1,un.ci.sanmarco@gmail.com,www.sanmarcovertova.it,
2023-08-27,2023-08-27,Ronde van de Achterhoek,,NED,ME,Road,EUR,1.2,eddy.geurkink2@outlook.com,www.rondevandeachterhoek.nl,
2023-08-27,2023-08-27,La Route des Géants,,BEL,MJ,Road,EUR,1.1,bart.vannieuwenhuyze@telenet.be,www.kattekoers.be,
2023-08-27,2023-08-31,Tour of IRAN (Azarbaijan),,IRI,ME,Road,ASI,2.1,azartourcycling@gmail.com,www.tourofiran.ir,
2023-08-28,2023-09-01,Tour de l'Avenir Femmes,,FRA,WU,Road,EUR,2.2,philippe.colliou@tourdelavenir.com,www.tourdelavenir.com,
2023-08-30,2023-08-30,Muur Classic Geraardsbergen,,BEL,ME,Road,EUR,1.2,muurclassic@geraardsbergen.be,www.muurclassic.be,
2023-08-31,2023-09-02,Flanders Tomorrow Tour,,BEL,MU,Road,EUR,2.2U,info@bredenekoksijdeclassic.be,http://www.bredenekoksijdeclassic.be,
2023-08-31,2023-09-03,Giro Della Lunigiana,,ITA,MJ,Road,EUR,2.1,marcodanese48@gmail.com,www.girodelalunigiana.org,
2023-08-31,2023-09-03,Giro della Regione Friuli Venezia Giulia,,ITA,ME,Road,EUR,2.2,libertasceresetto@gmail.com,www.libertasceresetto.com,
2023-09-01,2023-09-01,La Ronde des Sources,St Amand Les Eaux,FRA,ME,Road,EUR,CRTP,contact@larondedessources.fr,larondedessources.fr,
2023-09-01,2023-09-05,Tour de DMZ,,KOR,MJ,Road,ASI,2.Ncup,tourdedmz@sports.or.kr,http://www.tourdedmz.or.kr/,
2023-09-02,2023-09-02,GP Plouay Junior Men,,FRA,MJ,Road,EUR,1.1,damienchemille@hotmail.com,www.pco.bzh,
2023-09-02,2023-09-02,Grand Prix CERATIZIT Women Junior,,FRA,WJ,Road,EUR,1.1,damienchemille@hotmail.com,www.pco.bzh,
2023-09-02,2023-09-02,Lillehammer GP,,NOR,ME,Road,EUR,1.2,ael@basm.no,www.udw.no,
2023-09-02,2023-09-02,Classic Lorient Agglomération - Trophée CERATIZIT,,FRA,WE,Road,MON,1.WWT,damienchemille@hotmail.com,www.pco.bzh,
2023-09-02,2023-09-02,Bocholter Nacht,,GER,ME,Road,EUR,CRTP,boris.fastring@gmail.com,www.rc77.de,
2023-09-02,2023-09-03,National Road Championships - Denmark (MU),,DEN,,Road,EUR,CN,jk@cyklingdanmark.dk,,
2023-09-02,2023-09-03,In the footsteps of the Romans,,BUL,ME,Road,EUR,2.2,cup@doltcini.com,https://cup.doltcini.com/,
2023-09-03,2023-09-03,Grand Prix de Plouay,,FRA,ME,Road,EUR,1.2,damienchemille@hotmail.com,www.pco.bzh,
2023-09-03,2023-09-03,Grote prijs Beerens,,BEL,WE,Road,EUR,1.1,info@destervanaartselaar.be,www.destervanaartselaar.be,
2023-09-03,2023-09-03,Gylne Gutuer,,NOR,ME,Road,EUR,1.2,ael@basm.no,www.udw.no,
2023-09-03,2023-09-03,"Maryland Cycling Classic, presented by UnitedHealthcare",,USA,ME,Road,AME,1.Pro,info@marylandcyclingclassic.us,marylandcyclingclassic.com,
2023-09-03,2023-09-03,Bretagne Classic - Ouest-France,,FRA,ME,Road,UWT,1.UWT,damienchemille@hotmail.com; tranvaux.jean-yves@wanadoo.fr,www.pco.bzh,
2023-09-03,2023-09-03,National Road Championships - Singapore (ITT),,SIN,,Road,ASI,CN,max.mager@singaporecycling.org.sg,,
2023-09-03,2023-09-10,Tour of Britain,,GBR,ME,Road,EUR,2.Pro,info@thetour.co.uk,www.tourofbritain.co.uk,
2023-09-05,2023-09-05,SportOase N8 Van Brasschaat,Brasschaat,BEL,ME,Road,EUR,CRTP,stijn.caremans@n8cycling.be,www.N8cycling.be,
2023-09-05,2023-09-05,Sportoase N8 van Brasschaat,Brasschaat,BEL,WE,Road,EUR,CRTP,luc.stremersch@N8cycling.be,www.n8cycling.be,
2023-09-05,2023-09-10,Simac Ladies Tour,,NED,WE,Road,MON,2.WWT,thijs.rondhuis@gmail.com,simacladiestour.nl,
2023-09-05,2023-09-11,Tour Cycliste Féminin International de l'Ardèche,,FRA,WE,Road,EUR,2.1,contact-tcfia@tcfia.com,www.tcfia.com,
2023-09-07,2023-09-09,Tour of Kosovo,,KOS,ME,Road,EUR,2.2,kosovacf@yahoo.com,www.kosovacycling.org,
2023-09-07,2023-09-10,Okolo jižních Čech/Tour of South Bohemia,,CZE,ME,Road,EUR,2.2,info@okolojiznichcech.cz,https://www.okolojiznichcech.cz/,
2023-09-07,2023-09-10,Tour of Van,,TUR,ME,Road,EUR,2.2,info@bisiklet.gov.tr,www.bisiklet.gov.tr,
2023-09-08,2023-09-08,Grand Prix Cycliste de Québec,,CAN,ME,Road,UWT,1.UWT,info@gpcqm.ca; jlimare@gpcqm.ca,www.gpcqm.ca,
2023-09-08,2023-09-08,Grand Prix Boukraa,,MAR,ME,Road,AFR,1.2,frmc56@gmail.com,www.frmcyclisme.ma,
2023-09-08,2023-09-10,Grand Prix Rüebliland,,SUI,MJ,Road,EUR,2.1,info@gp-ruebliland.ch,www.gp-ruebliland.ch,
2023-09-08,2023-09-10,Tour de Hokkaido,,JPN,ME,Road,ASI,2.2,tourdech@jasmine.ocn.ne.jp,www.tour-de-hokkaido.or.jp,
2023-09-08,2023-09-12,Tour of Poyang Lake,,CHN,ME,Road,ASI,2.2,jessie.zeng0321@qq.com;admin@chncycling.com,http://tyj.jiangxi.gov.cn/,
2023-09-09,2023-09-09,Grand Prix Es-Semara,,MAR,ME,Road,AFR,1.2,frmc56@gmail.com,www.frmcyclisme.ma,
2023-09-09,2023-09-09,A Travers les Hauts de France,,FRA,WE,Road,EUR,1.2,sebastien.barre85@gmail.com,www.clovissportorganisation.fr,
2023-09-09,2023-09-10,National Road Championships - Georgia,,GEO,,Road,EUR,CN,georgiancycling@gmail.com,,
2023-09-10,2023-09-10,Grand Prix El Marsa,,MAR,ME,Road,AFR,1.2,frmc56@gmail.com,www.frmcyclisme.ma,
2023-09-10,2023-09-10,Grand Prix de la Somme Conseil Départemental 80,,FRA,ME,Road,EUR,1.2,hubertlouvet@wanadoo.fr; contact@promotion-sport-picardie.com,www.promotion-sport-picardie.com,
2023-09-10,2023-09-10,La Choralis Fourmies Féminine,,FRA,WE,Road,EUR,1.2,gpf@mairie-fourmies.fr,www.grandprixdefourmies.com,
2023-09-10,2023-09-10,Trofeo Buffoni,,ITA,MJ,Road,EUR,1.1,trofeobuffoni@yahoo.it,www.trofeobuffoni.com,
2023-09-10,2023-09-10,GP de Fourmies / La Voix du Nord,,FRA,ME,Road,EUR,1.Pro,gpf@mairie-fourmies.fr,www.grandprixdefourmies.com,
2023-09-10,2023-09-10,Grand Prix Cycliste de Montréal,,CAN,ME,Road,UWT,1.UWT,info@gpcqm.ca; jlimare@gpcqm.ca,www.gpcqm.ca,
2023-09-10,2023-09-13,Tour of Salalah,,OMA,ME,Road,ASI,2.2,omancyclingassociation@hotmail.com,www.omancyclingassociation.gov.com,
2023-09-13,2023-09-13,Grand Prix de Wallonie,,BEL,ME,Road,EUR,1.Pro,christophe.brandt@trworg.be; stephanie.roelens@trworg.be,www.trworg.be,
2023-09-13,2023-09-13,Grisette Grand Prix de Wallonie,,BEL,WE,Road,EUR,1.1,wendy.dessauvages@trworg.be,www.trworg.be,
2023-09-13,2023-09-13,Giro della Toscana - Memorial Alfredo Martini,,ITA,ME,Road,EUR,1.1,coppasabatini@gmail.com,www.girodellatoscana.com,
2023-09-13,2023-09-17,Okolo Slovenska / Tour de Slovaquie,,SVK,ME,Road,EUR,2.1,privara@cyklistikaszc.sk; lucanic.ludovit@gmail.com,www.okoloslovenska.com,
2023-09-14,2023-09-14,Gran Premio città di Peccioli - Coppa Sabatini,,ITA,ME,Road,EUR,1.Pro,coppasabatini@gmail.com,www.coppasabatini.com,
2023-09-14,2023-09-17,Tour of Taihu Lake,,CHN,ME,Road,ASI,2.Pro,touroftaihulake@126.com,www.touroftaihu.com,
2023-09-15,2023-09-15,Kampioenschap van Vlaanderen,,BEL,ME,Road,EUR,1.1,koolskamp@kampioenschapvanvlaanderen.be,www.kampioenschapvanvlaanderen.be,
2023-09-15,2023-09-15,Chrono Féminin de la Gatineau,,CAN,WE,Road,AME,1.1,info@tourdegatineau.ca,https://tourdegatineau.ca/,
2023-09-15,2023-09-16,AG TOUR DE LA SEMOIS,,BEL,WE,Road,EUR,2.2,gino.verhasselt1@gmail.com,www.agtourdelasemois.com,
2023-09-15,2023-09-17,Watersley Womens Challenge,,NED,WU,Road,EUR,2.2U,info@watersley-topsports.com,www.watersley.nl,
2023-09-15,2023-09-17,Watersley Ladies Challenge,,NED,WJ,Road,EUR,2.Ncup,info@watersley-topsports.com,www.watersley.com,
2023-09-15,2023-09-17,Tour de Romandie Féminin,,SUI,WE,Road,MON,2.WWT,info@tourderomandie.ch,www.tdrfeminin.ch,
2023-09-16,2023-09-16,Campeonato del Caribe Junior ITT,,DOM,MJ,Road,AME,1.2,fdom.ciclismo@gmail.com,,
2023-09-16,2023-09-16,Campeonato del Caribe Junior ITT,,DOM,WJ,Road,AME,1.2,fdom.ciclismo@gmail.com,,
2023-09-16,2023-09-16,Memorial Marco Pantani,,ITA,ME,Road,EUR,1.1,gsemiliaciclismo@tin.it,www.gsemilia.it,
2023-09-16,2023-09-16,SUPER 8 Classic,,BEL,ME,Road,EUR,1.Pro,petervanpetegem@live.be,www.primusclassic.be,
2023-09-16,2023-09-16,Tour de Gatineau,,CAN,WE,Road,AME,1.1,info@tourdegatineau.ca,https://tourdegatineau.ca/,
2023-09-16,2023-09-17,Keizer der Juniores,,BEL,MJ,Road,EUR,2.1,jan.deramoudt@koksijde.be,www.keizerderjuniores.be,
2023-09-17,2023-09-17,Campeonato del Caribe Junior IRR,,DOM,WJ,Road,AME,1.2,fdom.ciclismo@gmail.com,,
2023-09-17,2023-09-17,Campeonato del Caribe Junior IRR,,DOM,MJ,Road,AME,1.2,fdom.ciclismo@gmail.com,,
2023-09-17,2023-09-17,Internationales Radkriterium Wangen im Allgäu,,GER,ME,Road,EUR,CRTP,info@ru-wangen.de,,
2023-09-17,2023-09-17,Trofeo Matteotti,,ITA,ME,Road,EUR,1.1,ucifernandoperna@gmail.com,www.trofeomatteotti.com,
2023-09-17,2023-09-17,Ixina Gooikse Pijl P/B Lotto,,BEL,ME,Road,EUR,1.1,Steven@gooiksportief.be,http://www.gooiksportief.be/,
2023-09-17,2023-09-17,Grand Prix d'Isbergues - Pas de Calais,,FRA,ME,Road,EUR,1.1,jean-claude.willems@wanadoo.fr,http://www.gpisbergues.com,
2023-09-17,2023-09-17,Grote Prijs Rik Van Looy,,BEL,ME,Road,EUR,1.2,info@gprikvanlooy.be,www.gprikvanlooy.be,
2023-09-17,2023-09-17,Grand Prix International d'Isbergues - Pas de Calais Féminin,,FRA,WE,Road,EUR,1.2,jean-claude.willems@wanadoo.fr,www.gpisbergues.com,
2023-09-20,2023-09-20,Omloop van het HOUTLAND,,BEL,ME,Road,EUR,1.1,info@omloopvanhethoutland.be,www.omloopvanhethoutland.be,
2023-09-20,2023-09-24,Skoda Tour Luxembourg,,LUX,ME,Road,EUR,2.Pro,info@skodatour.lu,www.skodatour.lu,
2023-09-20,2023-09-24,UEC Road European Championships 2023 - Drenthe (NED),,NED,,Road,EUR,CC,administration@uec.ch,https://www.uec.ch/en/event/204/2023-uec-road-european-championships,
2023-09-23,2023-09-24,Tour of Binzhou,,CHN,ME,Road,ASI,2.2,admin@chncycling.com; tourofbinzhou@163.com,http://cycling.sport.org.cn/,
2023-09-23,2023-09-30,Petronas Le Tour de Langkawi,,MAS,ME,Road,ASI,2.Pro,mncf@mail.com,letourdelangkawi.my,
2023-09-24,2023-09-24,Paris-Chauny,,FRA,ME,Road,EUR,1.1,hello@parischauny.fr,www.parischauny.fr,
2023-09-24,2023-10-01,National Road Championships - Tunisia,,TUN,,Road,AFR,CN,admin@ftcyclisme.tn,www.ftcyclisme.tn,
2023-09-25,2023-09-30,Vuelta Ciclistica al Ecuador,,ECU,ME,Road,AME,2.2,secretaria@fec.ec,,
2023-09-26,2023-09-26,Ruota d'Oro - GP Festa del Perdono,,ITA,MU,Road,EUR,1.2U,ctbcomm@val.it,www.gpruotadoro.it,
2023-09-26,2023-10-01,Cro Race,,CRO,ME,Road,EUR,2.1,vladimir.miholjevic@tse.hr,www.crorace.com,
2023-09-27,2023-09-28,National Road Championship - Cuba,,CUB,,Road,AME,CN,panaci@enet.cu,,
2023-09-28,2023-09-28,Coppa Agostoni - Giro delle Brianze,,ITA,ME,Road,EUR,1.1,info@scsmobililissone.com,https://www.coppaagostoni.it/,
2023-09-28,2023-09-28,Circuit Franco-Belge,,BEL,ME,Road,EUR,1.Pro,circuitfrancobelge@skynet.be,www.eurometropoletour.com,
2023-09-28,2023-10-01,Tour of Istanbul,,TUR,ME,Road,EUR,2.2,info@tourofistanbul.com.tr; info@bisiklet.gov.tr,www.bisiklet.gov.tr,
2023-09-30,2023-09-30,Giro dell'Emilia,,ITA,ME,Road,EUR,1.Pro,info@gsemilia.it,www.gsemilia.it,
2023-09-30,2023-09-30,Giro dell'Emilia Internazionale Donne Elite,,ITA,WE,Road,EUR,1.Pro,info@gsemilia.it,www.gsemilia.it,
2023-09-30,2023-09-30,Oita Ikoinomichi Criterium,Oita City,JPN,ME,Road,ASI,CRT,sportyuti@city.oita.oita.jp,https://www.oita-cyclefes.com/,
2023-09-30,2023-09-30,Grand Prix Cerami,,BEL,ME,Road,EUR,1.2,secretariat@lesamyn.be,lesamyn.be,
2023-10-01,2023-10-01,National Road Championships - Switzerland (ITT),,SUI,,Road,EUR,CN,info@tds.ch,https://www.cycling-unlimited.ch/,
2023-10-01,2023-10-01,Il Lombardia Under 23,,ITA,MU,Road,EUR,1.2U,info@piccologirodilombardia.it; info@velocluboggiono.it,www.piccologirodilombardia.it,
2023-10-01,2023-10-01,Oita Urban Classic,,JPN,ME,Road,ASI,1.2,sportyuti@city.oita.oita.jp,https://www.oita-cyclefes.com/,
2023-10-01,2023-10-01,Tour de Vendée,,FRA,ME,Road,EUR,1.1,tourdevendee@gmail.com,tourdevendee.com,
2023-10-01,2023-10-01,Lotto Famenne Ardenne Classic,,BEL,ME,Road,EUR,1.1,laurentmars@hotmail.com,www.famenneardenneclassic.be,
2023-10-02,2023-10-02,Coppa Bernocchi - GP Banco BPM,,ITA,ME,Road,EUR,1.Pro,u.s.legnanese@virgilio.it,uslegnanese.it,
2023-10-03,2023-10-03,Binche - Chimay - Binche / Mémorial Frank Vandenbroucke,,BEL,ME,Road,EUR,1.1,jeanlucvdb@skynet.be; fhar@rtbf.be; isalou24@yahoo.fr,www.binche-tournai-binche.eu,
2023-10-03,2023-10-03,Binche Chimay Binche pour Dames,,BEL,WE,Road,EUR,1.1,jeanlucvdb@skynet.be,,
2023-10-03,2023-10-03,Tre Valli Varesine,,ITA,ME,Road,EUR,1.Pro,renzo.oldani@gmail.com;giaron@trevallivaresine.com,www.trevallivaresine.com,
2023-10-03,2023-10-03,Tre Valli Varesine Women's Race,,ITA,WE,Road,EUR,1.1,women@trevallivaresine.com,www.trevallivaresine.com,
2023-10-03,2023-10-03,Sparkassen Münsterland Giro,,GER,ME,Road,EUR,1.Pro,bergmann@stadt-muenster.de,www.sparkassen-muensterland-giro.de,
2023-10-03,2023-10-03,Grand Tour de Ciclismo de SC,,BRA,ME,Road,AME,1.2,cbc@cbc.esp.br,www.cbc.esp.br,
2023-10-03,2023-10-03,Grand Tour de Ciclismo de SC Femenina,,BRA,WE,Road,AME,1.2,cbc@cbc.esp.br,www.cbc.esp.br,
2023-10-03,2023-10-03,Coppa Citta' Di San Daniele,,ITA,ME,Road,EUR,1.2,UC.SANDANIELESI@YAHOO.IT,www.ucsandenielesi.com,
2023-10-03,2023-10-05,Asian Games Hangzhou Cycling - Road,,CHN,,Road,ASI,JC,Zhouyx@hangzhou2022.cn,https://www.hangzhou2022.cn/,
2023-10-03,2023-10-07,Grand Prix Chantal Biya,,CMR,ME,Road,AFR,2.2,fecacyclisme2013@yahoo.fr; yossihonore@yahoo.fr,,
2023-10-04,2023-10-04,Visit Friesland Elfstedenrace,,NED,ME,Road,EUR,1.1,thijs.rondhuis@gmail.com,,
2023-10-04,2023-10-04,GP Urubici de Ciclismo,,BRA,ME,Road,AME,1.2,cbc@cbc.esp.br,www.cbc.esp.br,
2023-10-04,2023-10-04,GP Urubici de Ciclismo Femenina,,BRA,WE,Road,AME,1.2,cbc@cbc.esp.br,www.cbc.esp.br,
2023-10-05,2023-10-05,GP Internacional de Ciclismo de Santa Catarina,,BRA,ME,Road,AME,1.2,cbc@cbc.esp.br,www.cbc.esp.br,
2023-10-05,2023-10-05,GP Internacional de Ciclismo de Santa Catarina Femenina,,BRA,WE,Road,AME,1.2,cbc@cbc.esp.br,www.cbc.esp.br,
2023-10-05,2023-10-05,Paris - Bourges,,FRA,ME,Road,EUR,1.1,laurent.planchon@wanadoo.fr,www.parisbourges.fr,
2023-10-05,2023-10-05,Gran Piemonte,,ITA,ME,Road,EUR,1.Pro,luca.papini@rcs.it,www.ilgranpiemonte.it,
2023-10-05,2023-10-09,Tour of Hainan,,CHN,ME,Road,ASI,2.Pro,tourofhainan@163.com,www.tourofhainan.com,
2023-10-06,2023-10-06,Tour de Kyushu Kokura Castle Criterium,,JPN,ME,Road,ASI,CRTP,contact2@tourdekyushu.asia,www.tourdekyushu.asia,
2023-10-07,2023-10-07,Il Lombardia,,ITA,ME,Road,UWT,1.UWT,stefano.allocchio@rcs.it,www.illombardia.it,
2023-10-07,2023-10-08,National Road Championships - Puerto Rico - IRR,,PUR,,Road,AME,CN,ismfuente@yahoo.com; fecipur@gmail.com,,
2023-10-07,2023-10-08,La Philippe Gilbert juniors,,BEL,MJ,Road,EUR,2.1,jeangilbert@hotmail.fr,www.philippegilbert.com,
2023-10-07,2023-10-09,Tour de Kyushu,,JPN,ME,Road,ASI,2.1,contact2@tourdekyushu.asia,www.tourdekyushu.asia,
2023-10-08,2023-10-08,Paris - Tours Elite,,FRA,ME,Road,EUR,1.Pro,tgouvenou@aso.fr,www.letour.fr,
2023-10-08,2023-10-08,Paris - Tours Espoirs,,FRA,MU,Road,EUR,1.2U,tgouvenou@aso.fr,www.letour.fr,
2023-10-08,2023-10-15,Presidential Cycling Tour of Türkiye,,TUR,ME,Road,EUR,2.1,info@bisiklet.gov.tr,www.tourofturkey.org.tr,
2023-10-09,2023-10-11,Jelajah Malaysia,,MAS,ME,Road,ASI,2.2,jelajahmalaysia@mail.com,http://mncf.org.my/mncf,
2023-10-10,2023-10-11,Tour of Wenzhou Women's International Road Race,,CHN,WE,Road,ASI,2.2,admin@chncycling.com,,
2023-10-11,2023-10-11,Giro del Veneto,,ITA,ME,Road,EUR,1.Pro,INFO@VENTUROSPORT.COM,VENTUROSPORT.COM,
2023-10-12,2023-10-14,Tour of Chongming Island,,CHN,WE,Road,MON,2.WWT,admin@chncycling.com; shcmhds@vip.163.com,,
2023-10-12,2023-10-15,Vuelta Internacional Femenina a Costa Rica,,CRC,WE,Road,AME,2.2,fecoci@fecoci.net,www.fecoci.net,
2023-10-12,2023-10-17,Gree-Tour of Guangxi,,CHN,ME,Road,UWT,2.UWT,yinyushan@wanda.cn,http://www.tourofguangxi.com.cn,
2023-10-14,2023-10-14,Japan Cup Criterium,"Utsunomiya City, Tochigi",JPN,ME,Road,ASI,CRTP,japan-cup@city.utsunomiya.tochigi.jp,www.japancup.gr.jp,
2023-10-14,2023-10-14,Caribbean Road Championships - ME ITT,,FRA,ME,Road,AME,1.2,crcg-compta@outlook.com,www.guadeloupecyclisme.com,
2023-10-14,2023-10-14,Caribbean Road Championships - WE ITT,,FRA,WE,Road,AME,1.2,crcg-compta@outlook.com,www.guadeloupecyclisme.com,
2023-10-14,2023-10-14,Caribbean Road Championships - WU ITT,,FRA,WU,Road,AME,1.2,crcg-compta@outlook.com,www.guadeloupecyclisme.com,
2023-10-14,2023-10-15,National Road Championsips - Cyprus (MU-WU),,CYP,,Road,EUR,CN,ccf@cytanet.com.cy,,
2023-10-14,2023-10-17,Trans-Himalaya Cycling Race,,CHN,ME,Road,ASI,2.2,admin@chncycling.com;1499349718@qq.com,http://cycling.sport.org.cn/,
2023-10-15,2023-10-15,Japan Cup Cycle Road Race,,JPN,ME,Road,ASI,1.Pro,japan-cup@city.utsunomiya.tochigi.jp,www.japancup.gr.jp,
2023-10-15,2023-10-15,Chrono des Nations,,FRA,MU,Road,EUR,1.2U,contact@chronodesnations.com,www.chronodesnations.com,
2023-10-15,2023-10-15,Chrono des Nations,,FRA,MJ,Road,EUR,1.1,contact@chronodesnations.com,www.chronodesnations.com,
2023-10-15,2023-10-15,Chrono des Nations,,FRA,WE,Road,EUR,1.1,contact@chronodesnations.com,www.chronodesnations.com,
2023-10-15,2023-10-15,Chrono des Nations,,FRA,WJ,Road,EUR,1.1,contact@chronodesnations.com,www.chronodesnations.com,
2023-10-15,2023-10-15,Veneto Classic,,ITA,ME,Road,EUR,1.Pro,INFO@VENTUROSPORT.COM,VENTUROSPORT.COM,
2023-10-15,2023-10-15,Chrono des Nations,,FRA,ME,Road,EUR,1.1,contact@chronodesnations.com,www.chronodesnations.com,
2023-10-15,2023-10-15,Caribbean Road Championships -WE IRR,,FRA,WE,Road,AME,1.2,crcg-compta@outlook.com,www.guadeloupecyclisme.com,
2023-10-15,2023-10-15,Caribbean Road Championships - WU IRR,,FRA,WU,Road,AME,1.2,crcg-compta@outlook.com,www.guadeloupecyclisme.com,
2023-10-15,2023-10-15,Caribbean Road Championships - ME IRR,,FRA,ME,Road,AME,1.2,crcg-compta@outlook.com,www.guadeloupecyclisme.com,
2023-10-17,2023-10-17,Tour of Guangxi,,CHN,WE,Road,MON,1.WWT,yinyushan@wanda.cn,,